编码,项目名称,对应的手术名称,"计价
单位",价格（元）,,
31,(一)临床各系统诊疗,,,,,
310100001,脑电图,脑电图,"次或
小时",,,
310100001a,脑电图8导及以下,脑电图,"次或
小时",20,,
310100001b,脑电图8-16导(含),脑电图,"次或
小时",30,,
310100001c,脑电图16导以上,脑电图,"次或
小时",80,,
310100009,体感诱发电位,体感诱发电位[SEP],次或小时 、单肢,50,,
310100012,脑干听觉诱发电位,脑干听觉诱发电位,次,80,,
310100014,颅内压监测,颅内压监测,小时,15,,
310100016,腰椎穿刺术,腰椎穿刺术,次,120,,
310100017,侧脑室穿刺术,脑室穿刺术,次,700,,
310100018,枕大池穿刺术,小脑延髓池穿刺术,次,180,,
310100019,硬脑膜下穿刺术,脑室穿刺术,次,230,,
310100020,周围神经活检术,周围神经活组织检查,"每个
切口",350,,
310100023,肌电图,肌电图,"每条
肌肉",30,,
310100029,经皮穿刺三叉神经半月节射频温控热凝术,三叉神经半月节射频热凝术,次,1000,,
310100031,慢性小脑电刺激术,颅内神经刺激器植入术？,次,"医疗机构自主制定
试行价格",,
310100033,周围神经毁损术,周围神经破坏术（周围神经切断术）,次,230,,
310100033b,半月神经毁损术,颅神经破坏术？,次,2200,,
310100034,交感神经节毁损术,"经皮穿刺颈交感神经节毁损术，经皮穿刺
腰交感神经节毁损术",次,800,,
310300005,视野检查,视野检查,,,,
310300020,色觉检查,色觉检查,项,5,,
310300040,角膜地形图检查,角膜地形图检查,次（单眼）,80,,
310300041,角膜内皮镜检查,角膜内皮镜检查,次,80,,
310300053,眼底照相,眼底照相术,单侧,15,,
310300056,眼底检查,眼底检查,次,10,,
310300063,超声生物显微镜检查(UBM),超声生物显微镜检查[UBM检查],单侧,100,,
310300068,视觉诱发电位(VEP),视觉诱发电位[VEP],次,80,,
310300078,准分子激光屈光性角膜切削术(PRK),准分子激光屈光性角膜切削术[PRK],次,价格放开,,
310300079,准分子激光原位角膜磨镶术(LASIK),准分子激光角膜原位磨镶术[LASIK],次,价格放开,,
310300080,视网膜激光光凝术,视网膜病损激光凝固术,次,300,,
310300083,钬激光巩膜切除手术,巩膜切除术,次,待定,,
310300090,晶体囊截开术,晶状体前囊切开术（晶状体后囊膜激光切开术）,单侧,390,,
310300091,取结膜结石,结膜结石取出术,单侧,13,,
310300092,沙眼磨擦压挤术,沙眼摩擦挤压术,单侧,20,,
310300093,眼部脓肿切开引流术,睑板腺脓肿切开引流术,单侧,50,,
310300100,前房穿刺术,前房穿刺术,单侧,260,,
310300101,前房注气术,前房注气术,单侧,200,,
310300102,角膜异物剔除术,角膜切开异物去除术,单侧,39,,
310300105,泪小点扩张,泪点扩张术,单侧,13,,
310300106,泪道探通术,泪小管探通术,单侧,65,,
310401015,耳声发射检查,耳声发射,次,80,,
310401040,鼓膜穿刺术,鼓膜穿刺术,单侧,39,,
310401041,耵聍冲洗,耵聍冲洗术,单侧,26,,
310402001,鼻内镜检查,鼻镜检查,次,80,,
310402002,前鼻镜检查,鼻镜检查,次,5,,
310402003,长鼻镜检查,鼻镜检查,次,5,,
310402011,蝶窦穿刺活检术,鼻窦闭合性[内镜的][针吸]活组织检查,次,60,,
310402013,鼻腔取活检术,鼻咽活组织检查,次,39,,
310402014,上颌窦穿刺术,上颌窦穿刺抽吸灌洗,次,30,,
310402015,鼻窦冲洗,鼻窦穿剌冲洗术,次,30,,
310402016,鼻咽部活检术,鼻咽活组织检查,次,91,,
310402017,下鼻甲封闭术,鼻甲成形术,次,30,,
310402018,鼻腔粘连分离术,鼻粘连松解术,次,78,,
310402024,鼻异物取出,鼻腔切开异物取出术？,次,39,,
310403006,纤维鼻咽镜检查,纤维鼻咽镜检查,次,80,,
310403009,纤维喉镜检查,纤维喉镜检查,次,150,,
310403010,喉动态镜检查,喉镜检查,次,100,,
310403011,直达喉镜检查,喉镜检查,次,120,,
310403012,间接喉镜检查,喉镜检查,次,10,,
310403013,支撑喉镜检查,支撑喉镜检查,次,145,,
310504003,面神经肌电图检查,肌电图,每区,50,,
310510009,口内脓肿切开引流术,口内切开引流术,每牙,20,,
310510012,口腔活检术,口腔颌面部活组织检查,次,200,,
310511013,开髓引流术,牙髓管切开引流术,每牙,23,,
310511015,牙髓摘除术,牙髓切除术,每根管,20,,
310511017,根管充填术,根管填充术,每根管,20,,
310511018,显微根管治疗术,根管治疗,每根管,300,,
310602006,血气分析,动脉血气分析,次,100,,
310603002,无创辅助通气,无创机械性通气,小时,13,,
310604003,人工气胸术,人工气胸用于肺萎陷,次,105,,
310604005,胸腔穿刺术,胸腔穿刺术,次,52,,
310604006,经皮穿刺肺活检术,经皮针吸肺活检,每处,780,,
310605001,硬性气管镜检查,气管镜检查,次,80,,
310605002,纤维支气管镜检查,纤维支气管镜检查,次,120,,
310605006,经纤支镜肺泡灌洗诊疗术,纤维支气管镜检查伴肺泡灌洗术,"每个
肺段",120,,
310605009,经内镜气管扩张术,气管镜下气管扩张术,次,680,,
310605013,胸腔镜检查,胸腔镜检查,次,500,,
310605014,纵隔镜检查,纵隔镜检查,次,800,,
310606002,恶性肿瘤腔内灌注治疗,化疗药物灌注,次,120,,
310701001,常规心电图检查,心电图,次,,,
310701003,动态心电图,24小时动态心电图,次,180,,
310701012,心电向量图,心电向量图(用ECG),次,30,,
310701013,心音图,心音图,次,10,,
310701021,动态血压监测,24小时血压监测,小时,10,,
310701022,心电监测,心电监测,小时,6,,
310702003,有创性心内电生理检查,术中心脏电生理检查？,次,1500,,
310702004,射频消融术,心脏射频消融术,次、侧,3900,,
310702005,临时起搏器安置术,心脏起搏器置入术,次,650,,
310702007,永久起搏器安置术,永久起搏器置入术,次,2340,,
310702008,永久起搏器更换术,永久起搏器置换术,次,1950,,
310702015,经食管心脏调搏术,经食道心脏调搏术,次,180,,
310702016,心脏电复律术,心律电复律,次,235,,
310702017,心脏电除颤术,电除颤,次,65,,
310702022,心包穿刺术,心包穿刺术,次,195,,
310800001,骨髓穿刺术,骨髓穿刺术,次,65,,
310800002,骨髓活检术,骨髓活组织检查,次,78,,
310800008,血浆置换术,血浆置换,次,1680,,
310800012,骨髓采集术,供者骨髓采集术,200ml/单位,1560,,
310800020,骨髓移植术,骨髓移植,次,2380,,
310800021,外周血干细胞移植术,自体外周血干细胞移植术,次,3090,,
310800023,脐血移植术,脐血干细胞移植,次,1980,,
310800027,脾穿刺术,脾穿刺,次,医疗机构自主定价,,
310901003,硬性食管镜检查,食管镜检查,次,30,,
310901004,纤维食管镜检查,食管镜检查,次,60,,
310901005,经食管镜取异物,食管镜食管异物取出术,次,300,,
310901007,经胃镜食管静脉曲张治疗,"内镜食管静脉曲张硬化剂注射术、内镜
食管静脉曲张组织胶注射术",次,780,,
310901008,食管狭窄扩张术,食管狭窄修补术,次,1170,,
310901010,经内镜食管瘘填堵术,内镜下支气管食管瘘闭合术,次,500,,
310902005,纤维胃十二指肠镜检查,胃-十二指肠镜检查,次,260,,
310902007,经胃镜胃内支架置入术,内镜下胃支架置入术,次,1950,,
310902009,超声胃镜检查术,超声内镜下胃检查,次,600,,
310902012,经口内镜下食管括约肌切开术,内镜下贲门括约肌切开术(POEM),次,新增项目,,
310903003,经十二指肠镜胆道结石取出术,十二指肠镜下胆总管切开取石术,次,1950,,
310903004,小肠镜检查,小肠镜检查,次,300,,
310903005,纤维结肠镜检查,结肠镜检查,次,260,,
310903006,乙状结肠镜检查,乙状结肠镜检查,次,150,,
310903007,经内镜肠道球囊扩张术,"内镜下十二指肠球囊扩张术，内镜
下结肠球囊扩张术",次,780,,
310903008,经内镜肠道支架置入术,"内镜下十二指肠支架置入术，内镜
下小肠支架置入术，内镜下直肠支架置入术",次,884,,
310903011,先天性巨结肠清洁洗肠术,大肠灌洗,次,338,,
310903012,肠套叠手法复位,肠套叠复位术,次,260,,
310903014,胶囊内镜检查,胶囊内镜检查术,次,2000,,
310904003,肛门镜检查,肛门镜检查,次,50,,
310905001,腹腔穿刺术,腹腔穿刺术,次,39,,
310905003,肝穿刺术,超声引导下肝穿刺活检,次,105,,
310905006,胆道镜检查,胆道镜检查术,次,300,,
310905007,腹腔镜检查,腹腔镜检查,次,400,,
310905008,膈下脓肿穿刺引流术,膈下脓肿切开引流术,次,650,,
310905009,肝囊肿硬化剂注射治疗,肝囊肿硬化剂注射术,次,390,,
310905010,经皮肝穿胆道引流术(PTCD),经皮肝穿刺胆管引流术,次,650,,
310905012,经内镜鼻胆管引流术（ENBD）,内镜下鼻胆管引流术,次,1040,,
310905014,经胆道镜胆道结石取出术,胆道镜下胆管结石取出术,次,910,,
310905016,经皮经肝胆道镜取石术,经皮胆道镜下取石术,次,1200,,
310905018,经内镜十二指肠狭窄支架置入术,内镜下十二指肠支架置入术,次,700,,
310905019,经内镜胰管内引流术,内镜下胰管置管引流术,次,1300,,
310905020,经内镜胰胆管扩张术+支架置入术,内镜下胰管支架(管)置入,次,1560,,
310905021,胆道球囊扩张术,胆总管球囊扩张术,次,910,,
310905022,胆道支架置入术,胆总管支架置入术,次,1560,,
310905024,经内镜胆管内超声检查术,胆道超声检查,次,800,,
310905025,消化道造瘘管换管术,"内镜下胃造瘘管取出术，内镜下空肠造瘘
管取出术",次,1300,,
311000001,腹膜透析置管术,腹膜透析管置入术,次,500,,
311000006,血液透析,血液透析,次,400,,
311000007,血液滤过,血液滤过,次,500,,
311000010,血液灌流,血液灌流,次,800,,
311000015,肾穿刺术,肾穿刺术,单侧,390,,
311000017,肾周脓肿引流术,肾周切开引流术,次,1300,,
311000018,经皮肾盂镜检查,肾盂镜检查,单侧,600,,
311000019,经皮肾盂镜取石术,经皮肾镜取石术,次,1950,,
311000021,经膀胱镜输尿管插管术,经尿道膀胱镜输尿管导管插入术,单侧,520,,
311000022,经皮输尿管内管置入术,输尿管导管插入术,次,1300,,
311000024,经膀胱镜输尿管扩张术,膀胱镜下输尿管扩张术,次,1300,,
311000025,经输尿管镜输尿管扩张术,经尿道膀胱镜输尿管镜输尿管扩张术,次,1950,,
311000026,经输尿管镜碎石取石术,经尿道输尿管镜输尿管激光碎石取石术,次,1950,,
311000031,膀胱灌注,膀胱灌注,次,65,,
311000036,尿道狭窄扩张术,尿道扩张,次,235,,
311100006,睾丸阴茎海绵体活检术,阴茎活组织检查,次,650,,
311100007,附睾抽吸精子分离术,精液囊肿抽吸术,次,价格放开,,
311100010,阴茎赘生物电灼术,阴茎病损切除术,次,170,,
311100013,B超引导下前列腺活检术,超声引导下前列腺穿刺活检,次,340,,
311100014,前列腺针吸细胞学活检术,闭合性[经皮][针吸]前列腺活组织检查,次,115,,
311100015,前列腺按摩,前列腺按摩,次,39,,
311100018,鞘膜积液穿刺抽液术,睾丸鞘膜积液抽吸术,次,105,,
311100020,精囊镜检查术,精囊镜探查术,次,新增项目,,
311201002,外阴活检术,外阴活组织检查,次,52,,
311201004,阴道镜检查,阴道镜检查,次,20,,
311201005,阴道填塞,阴道填塞,次,39,,
311201007,后穹窿穿刺术,后穹窿穿刺引流术,次,70,,
311201008,宫颈活检术,子宫颈内活组织检查,次,260,,
311201010,宫颈扩张术,子宫颈扩张引产,次,105,,
311201011,宫颈内口探查术,产后子宫颈探查术,次,45,,
311201014,子宫直肠凹封闭术,直肠子宫陷凹封闭术,次,50,,
311201015,子宫输卵管通液术,输卵管通液术,次,130,,
311201016,子宫内翻复位术,经阴道慢性子宫内翻修补术,次,195,,
311201018,宫腔粘连分离术,子宫颈粘连松解术,次,130,,
311201025,胎儿心电图,胎儿心电图(头皮),次,30,,
311201026,胎心监测,胎心监测,次,20,,
311201027,胎儿镜检查,胎儿镜检查,次,待定,,
311201029,羊膜镜检查,羊膜镜检查,次,70,,
311201031,经皮脐静脉穿刺术,脐静脉穿刺术,次,650,,
311201037,B超下采卵术,超声引导下卵巢穿刺取卵术,次,价格放开,,
311201038,B超下卵巢囊肿穿刺术,超声引导下卵巢穿刺取卵术,次,500,,
311201041,胚胎移植术,胚胎移植术,次,价格放开,,
311201045,宫腔内人工授精术,人工授精,,,,
311201046,阴道内人工授精术,人工授精,次,390,,
311201047,输卵管绝育术,输卵管绝育术,次,400,,
311201048,宫内节育器放置术,子宫内避孕装置置入,次,210,,
311201051,产后刮宫术,分娩后刮宫术,次,260,,
311201054,子宫内水囊引产术,水囊引产,次,260,,
311201055,催产素滴注引产术,催产素引产,次,130,,
311201056,药物性引产处置术,药物引产,次,155,,
311201058,经皮盆腔脓肿穿刺引流术,盆腔穿刺引流术,次,650,,
311201080,胎儿胸（腹）腔穿刺术,胸腔穿刺术，腹腔穿刺术,次,新增项目,,
311202004,新生儿气管插管术,气管内插管,次,105,,
311202009,新生儿蓝光治疗,新生儿蓝光治疗,小时,3,,
311202010,新生儿换血术,换血术,次,400,,
311202013,新生儿囟门穿刺术,前囟门穿刺术,次,52,,
311300001,关节镜检查,关节镜检查,次,400,,
311300002,关节穿刺术,关节穿刺术,次,150,,
311300012,骨穿刺术,骨髓穿刺术？,次,130,,
311400026,疱液抽取术,疱液抽取术,每个,13,,
311400027,皮肤溃疡清创术,"皮肤和皮下组织非切除性清创、皮肤伤口
切除性清创术、皮肤和皮下坏死组织切除清创术",5cm2/每创面,52,,
311400061,富血小板血浆治疗术,治疗性血小板去除术,次,新增项目,,
311600005,寰枢关节矫治术,寰枢关节失稳推拿治疗,次,新增项目,,
311600006,椎管内针刀松解术,针刀松解术,每节,新增项目,,
311600009,关节腔注射,关节治疗性物质注射,每关节,新增项目,,
311600010,经皮穿刺三叉神经球囊压迫术,经皮三叉神经半月节球囊压迫术,每个神经节,新增项目,,
311600012,经皮穿刺颅神经化学毁损术,颅神经破坏术？,每根神经,新增项目,,
311600013,神经丛毁损术,经皮穿刺腹腔神经丛毁损术,每神经丛,新增项目,,
311600014,脊髓电刺激植入术,脊髓神经刺激器置入术,次,医疗机构自主定价,,
311600015,周围神经射频术,周围神经破坏术,每根神经,新增项目,,
311600016,颅神经射频术,颅神经破坏术,每根神经,新增项目,,
32,(二)经血管介入诊疗,,,,,
320100013,急性缺血性脑卒中静脉溶栓治疗,脑动脉血栓溶解剂灌注,次,1080,970,860
320200001,经股动脉置管腹主动脉带簿网支架置入术,腹主动脉支架置入术,次,4950,4460,3960
320300001,经皮肝穿刺肝静脉扩张术,肝静脉成形术,次,3300,2970,2640
320300002,肝动脉插管灌注术,肝动脉插管术,次,2810,2530,2250
320400002,经皮心内膜心肌活检术,经皮心肌活检,次,1320,1190,1060
320500001,冠状动脉造影术,单根导管的冠状动脉造影术、多根导管冠状动脉造影,次,3300,2970,2640
320500002,经皮冠状动脉腔内成形术(PTCA),经皮冠状动脉腔内血管成形术[PTCA],次,5280,4750,4220
320500003,经皮冠状动脉内支架置入术(STENT),经皮冠状动脉覆膜支架置入术,次,5280,4750,4220
320500005,高速冠状动脉内膜旋磨术,经皮冠状动脉旋磨术,次,5280,4750,4220
320500006,定向冠脉内膜旋切术,经皮冠状动脉旋磨术,次,5280,4750,4220
320500007,冠脉血管内超声检查术(IVUS),冠状动脉血管内超声(IVUS),次,4950,4460,3960
320500009,经皮主动脉气囊反搏动术(IABP),主动脉球囊反搏置入术,次,2970,2670,2380
320500010,冠脉血管内窥镜检查术,冠状动脉探查术,次,4620,4160,3700
320500011,经皮冠状动脉内溶栓术,经皮冠状动脉血栓抽吸术,次,3630,3270,2900
320500012,经皮激光心肌血管重建术(PMR),经皮经心肌血管再形成术？,次,4950,4460,3960
320500016,肥厚型心肌病化学消融术,经皮室间隔心肌消融术,次,5280,4750,4220
320600001,经股动脉插管全脑动脉造影术,脑动脉造影术,次,2970,2670,2380
320600002,单纯脑动静脉瘘栓塞术,动静脉瘘栓塞术,次,4460,4010,3570
320600004,经皮穿刺脑血管腔内支架置入术,颅内血管支架经皮置入,次,4620,4160,3700
320600005,经皮穿刺脑血管腔内溶栓术,脑动脉内溶栓术,次,2810,2530,2250
320600007,颈内动脉海绵窦瘘栓塞术,经导管颈内动脉海绵窦瘘栓塞术,次,4420,3980,3540
320600008,颅内动脉瘤栓塞术,经导管颅内动脉瘤栓塞术,次,4590,4130,3670
320600009,脑及颅内血管畸形栓塞术,经导管动静脉畸形介入栓塞术,次,4460,4010,3570
320600010,脊髓动脉造影术,脊髓造影,次,3630,3270,2900
320600011,脊髓血管畸形栓塞术,脊髓畸形血管切除术,次,4620,4160,3700
320600013,脑血管腔内血栓取出术,经导管颅内血管血栓去除术,次,新增项目,,
33,(三)手术治疗,,,,,
330100003,椎管内麻醉,椎管内注射封闭,2小时,560,500,450
330100008,术后镇痛,为镇痛的椎管麻醉药注射,次,70,63,56
330100011,椎管内置管术,"椎管的导管置入，为治疗性或
姑息治疗性药物的输注",次,168,150,135
330100012,心肺复苏术,心肺复苏,次,140,126,112
330100013,气管插管术,气管内插管,次,140,126,112
330100014,特殊方法气管插管术,气管内插管,次,168,150,135
330100019,植入式给药装置（输液港）置入术,静脉输液港植入术,次,1080,970,860
330201001,头皮肿物切除术,皮肤病损切除术,次,475,430,380
330201002,颅骨骨瘤切除术,颅骨病损的切除术,次,1060,950,850
330201003,帽状腱膜下血肿切开引流术,帽状腱膜下血肿穿刺吸引术,次,790,710,630
330201004,颅内硬膜外血肿引流术,硬脑膜外切开引流术,次,1700,1530,1360
330201005,脑脓肿穿刺引流术,脑脓肿穿刺引流术,次,1670,1500,1340
330201006,开放性颅脑损伤清除术,脑内血肿清除术？,次,3530,3180,2820
330201007,颅骨凹陷骨折复位术,颅骨骨折复位术,次,2120,1910,1700
330201008,去颅骨骨瓣减压术,颅骨去骨瓣减压术,次,2100,1890,1680
330201009,颅骨修补术,颅骨修补术,次,2550,2300,2040
330201010,颅骨钻孔探查术,颅骨钻孔探查术,次,1420,1280,1140
330201013,慢性硬膜下血肿钻孔术,硬脑膜下钻孔引流术,次,1670,1500,1340
330201014,颅内多发血肿清除术,颅内血肿清除术,次,3170,2850,2540
330201015,颅内血肿清除术,颅内血肿清除术,次,2800,2520,2240
330201016,开颅颅内减压术,颅骨切开减压术,次,2800,2520,2240
330201017,经颅视神经管减压术,视神经减压术,次,4230,3810,3380
330201018,颅内压监护传感器置入术,颅压监护探极置入术,次,2120,1910,1700
330201019,侧脑室分流术,脑室分流术,次,2670,2400,2140
330201020,脑室钻孔伴脑室引流术,脑室钻孔引流术,次,1670,1500,1340
330201021,颅内蛛网膜囊肿分流术,脑室蛛网膜下腔分流术,次,3320,2990,2660
330201022,幕上浅部病变切除术,小脑幕脑膜病损切除术,次,4380,3940,3500
330201024,幕上深部病变切除术,小脑幕脑膜病损切除术,次,5460,4910,4370
330201025,第四脑室肿瘤切除术,第四脑室病损切除术,次,4940,4450,3950
330201026,经颅内镜脑室肿瘤切除术,神经内镜下脑室病损切除术,次,5250,4730,4200
330201027,桥小脑角肿瘤切除术,小脑桥脑角病损切除术,次,5460,4910,4370
330201029,大脑半球切除术,大脑半球切除术,次,3320,2990,2660
330201030,选择性杏仁核海马切除术,选择性杏仁核海马切除术,次,5460,4910,4370
330201031,胼胝体切开术,胼胝体切开术,次,5150,4640,4120
330201035,脑深部电极置入术,脑深部电极置入术,次,10500,9450,8400
330201036,小脑半球病变切除术,小脑半球病损切除术,次,4940,4450,3950
330201037,脑干肿瘤切除术,脑干病损切除术,次,5960,5360,4770
330201038,鞍区占位病变切除术,鞍区病损切除术,次,5250,4730,4200
330201039,垂体瘤切除术,垂体病损切除术,次,4730,4260,3780
330201040,经口腔入路颅底斜坡肿瘤切除术,内镜下颅底病损切除术,次,8820,7940,7060
330201041,颅底肿瘤切除术,颅底病损切除术,次,5960,5360,4770
330201042,经颅内镜第三脑室底造瘘术,神经内镜下第三脑室底造瘘术,次,4730,4260,3780
330201045,经颅内镜经鼻蝶垂体肿瘤切除术,神经内镜下经鼻腔-蝶窦垂体病损切除术,次,5960,5360,4770
330201047,经颅内镜脑内异物摘除术,神经内镜下脑病损切除术,次,4900,4410,3920
330201048,经颅内镜脑室脉络丛烧灼术,脑室镜下脉络丛烧灼术,次,4900,4410,3920
330201051,脑脊液漏修补术,脑脊液漏修补术,次,4550,4100,3640
330201052,脑脊膜膨出修补术,脑脊膜膨出修补术,次,4200,3780,3360
330201053,环枕畸形减压术,环枕减压术,次,4380,3940,3500
330201054,经口齿状突切除术,经口咽入路齿状突磨除术,次,5150,4640,4120
330201057,颅缝再造术,颅缝再造术,次,3450,3110,2760
330201058,大网膜颅内移植术,大网膜内移植术,次,4380,3940,3500
330201059,立体定向颅内肿物清除术,立体定向脑病损切除术,次,5610,5050,4490
330201062,立体定向伽玛刀外科治疗术,立体定向放射外科,次,新增项目,,
330202001,三叉神经感觉后根切断术,三叉神经感觉根部分切断术,次,4550,4100,3640
330202002,三叉神经周围支切断术,切断三叉神经,"每神
经支",790,710,630
330202003,三叉神经撕脱术,三叉神经撕脱术,"每神
经支",790,710,630
330202005,颞部开颅三叉神经节切断术,颞下三叉神经根切断术,次,3890,3500,3110
330202008,面神经简单修复术,面神经延迟修补术,次,2780,2500,2220
330202009,面神经吻合术,面神经吻合术,次,3500,3150,2800
330202010,面神经跨面移植术,面神经移植术,次,4200,3780,3360
330202011,面神经松解减压术,面神经减压术,次,3500,3150,2800
330202013,面神经周围神经移植术,面神经移植术,次,4200,3780,3360
330202014,经迷路前庭神经切断术,前庭神经切断术,次,4380,3940,3500
330202015,迷路后前庭神经切断术 ,经迷路内听道前庭神经切除术,次,4380,3940,3500
330202016,经内镜前庭神经切断术,前庭神经切断术,次,5250,4730,4200
330202017,经乙状窦后进路神经切断术,经乙状窦后入路听神经切除术,次,4200,3780,3360
330202018,经颅脑脊液耳漏修补术,脑脊液耳漏修补术,次,5080,4570,4060
330203002,颅内动脉瘤夹闭术,脑动脉瘤夹闭术,次,5460,4910,4370
330203003,颅内动脉瘤包裹术,动脉瘤包裹术,次,5250,4730,4200
330203004,颅内巨大动静脉畸形栓塞后切除术,经导管动静脉畸形介入栓塞术？,次,5960,5360,4770
330203005,颅内动静脉畸形切除术,颅内血管畸形切除术,次,5610,5050,4490
330203006,脑动脉瘤动静脉畸形切除术,颅内血管畸形切除术,次,5790,5210,4630
330203007,颈内动脉内膜剥脱术,颈动脉内膜剥脱术,次,4730,4260,3780
330203008,椎动脉内膜剥脱术,动脉内膜剥脱术,次,5250,4730,4200
330203011,颈总动脉大脑中动脉吻合术,颈总动脉-冠状动脉吻合术,次,5430,4890,4340
330203012,颅外内动脉搭桥术,颈外动脉-大脑中动脉搭桥术,次,5430,4890,4340
330203013,颞肌颞浅动脉贴敷术,颞肌贴敷术,次,3840,3460,3070
330203014,颈动脉结扎术,颈动脉结扎术,次,1320,1190,1060
330204001,脊髓和神经根粘连松解术,脊髓神经根粘连松解术,次,3840,3460,3070
330204002,脊髓空洞症内引流术,脊髓空洞腹腔引流术,次,3840,3460,3070
330204003,脊髓丘脑束切断术,脊髓丘脑侧索切断术,次,3840,3460,3070
330204004,脊髓栓系综合症手术,脊髓栓系松解术,次,3840,3460,3070
330204005,脊髓前连合切断术,脊髓前连合切断术,次,5250,4730,4200
330204006,椎管内脓肿切开引流术,椎管内病损切除术,次,3500,3150,2800
330204007,脊髓内病变切除术,脊髓病损切除术,次,4380,3940,3500
330204008,脊髓硬膜外病变切除术,脊髓硬膜外分流术,次,3090,2780,2470
330204009,髓外硬脊膜下病变切除术,硬脊膜下病损切除术,次,4020,3620,3220
330204010,脊髓外露修补术,脊髓外露修补术,次,3840,3460,3070
330204011,脊髓动静脉畸形切除术,脊髓畸形血管切除术,次,5610,5050,4490
330204012,脊髓蛛网膜下腔腹腔分流术,脊髓蛛网膜下-腹腔分流术,次,3500,3150,2800
330204013,脊髓蛛网膜下腔输尿管分流术,脊髓蛛网膜下-输尿管分流术,次,3320,2990,2660
330204014,选择性脊神经后根切断术（SPR）,脊神经根减压术,次,4380,3940,3500
330204015,胸腰交感神经节切断术,胸交感神经切除术，腰交感神经切除术,次,4380,3940,3500
330204016,经胸腔镜交感神经链切除术,胸腔镜下交感神经切断术,次,4380,3940,3500
330204017,腰骶部潜毛窦切除术,藏毛窦切除术,次,3500,3150,2800
330204018,经皮穿刺骶神经囊肿治疗术,骶神经根囊肿穿刺充填术,次,1760,1580,1410
330204019,马尾神经吻合术,马尾神经缝合术,次,4550,4100,3640
330204021,欧玛亚（Omaya）管置入术,脑室Ommaya泵置入术,次,3320,2990,2660
330300002,甲状旁腺腺瘤切除术,甲状旁腺病损切除术,次,1560,1400,1250
330300003,甲状旁腺大部切除术,甲状旁腺部分切除术,次,2120,1910,1700
330300004,甲状旁腺移植术,甲状旁腺自体移植术、甲状旁腺异体移植术,次,2820,2540,2260
330300005,甲状旁腺细胞移植术,甲状旁腺自体移植术、甲状旁腺异体移植术,次,3320,2990,2660
330300006,甲状旁腺癌根治术,甲状旁腺全部切除术、甲状旁腺部分切除术,次,3940,3550,3150
330300007,甲状腺穿刺活检术,闭合性[经皮][针吸]甲状腺活组织检查,次,125,110,100
330300008,甲状腺部分切除术,"单侧甲状腺部分切除术，双侧甲
状腺部分切除术",单侧,2550,2300,2040
330300009,甲状腺次全切除术,单侧甲状腺次全切除术，双侧甲状腺次全切除术,单侧,2550,2300,2040
330300010,甲状腺全切术,甲状腺全部切除术,次,3890,3500,3110
330300014,甲状腺细胞移植术,甲状腺自体移植术,次,3500,3150,2800
330300015,甲状舌管瘘切除术,甲状舌管瘘切除术,次,1450,1310,1160
330300017,喉返神经探查术,喉返神经探查术,次,2780,2500,2220
330300018,胸腺切除术,胸腺切除术,次,3890,3500,3110
330300019,胸腺移值术,胸腺移植术,次,待定,,
330300020,胸腺细胞移植术,胸腺移植术,次,待定,,
330300021,肾上腺切除术,单侧肾上腺切除术，双侧肾上腺切除术,单侧,3170,2850,2540
330300022,肾上腺嗜铬细胞瘤切除术,肾上腺病损切除术,单侧,3500,3150,2800
330300025,肾上腺移植术,肾上腺自体移植术,次,4940,4450,3950
330300026,术中甲状旁腺快速识别,甲状旁腺探查术,次,新增项目,,
330401001,眼睑肿物切除术,眼睑病损切除术,单侧,395,360,320
330401002,眼睑结膜裂伤缝合术,眼睑裂伤缝合术,单侧,505,450,400
330401003,内眦韧带断裂修复术,眦韧带修复术,单侧,660,590,530
330401006,睑退缩矫正术,睑退缩矫正术,单侧,2080,1870,1660
330401007,睑内翻矫正术,睑内翻矫正术,单侧,255,230,200
330401008,睑外翻矫正术,睑外翻矫正术,单侧,565,510,450
330401009,睑裂缝合术,睑缘缝合术,单侧,190,170,150
330401010,游离植皮睑成形术,游离皮瓣移植眼睑重建术,单侧,1250,1130,1000
330401011,内眦赘皮矫治术,内眦赘皮修补术,单侧,530,475,425
330401012,重睑成形术,重睑术,双侧,价格放开,,
330401013,激光重睑整形术,重睑激光成形术,次,待定,,
330401015,眼袋整形术,眼袋切除术,双侧,价格放开,,
330401016,内外眦成形术,眦成形术,单侧,790,710,630
330401017,睑凹陷畸形矫正术,睑内翻矫正术,"每个
部位",1250,1130,1000
330401018,睑缘粘连术,睑缘缝合术,单侧,395,355,315
330401020,睑黄瘤切除术,眼睑病损切除术,个,新增项目,,
330402001,泪阜部肿瘤单纯切除术,泪囊病损切除术,次,640,580,510
330402002,泪小点外翻矫正术,泪点外翻矫正术,次,255,230,200
330402003,泪小管吻合术,泪小管吻合术,次,850,765,680
330402004,泪囊摘除术,泪囊切除术,次,660,595,530
330402005,睑部泪腺摘除术,泪腺切除术,次,850,770,680
330402006,泪囊结膜囊吻合术,结膜泪囊鼻腔吻合术,次,1130,1020,905
330402007,鼻腔泪囊吻合术,泪囊鼻腔吻合术,次,1420,1280,1135
330402008,鼻泪道再通术,鼻泪管探通术,次,505,455,405
330402009,泪道成形术,泪道重建术,次,1060,955,850
330402010,泪小管填塞术,泪小管修补术,单眼,255,230,200
330403001,睑球粘连分离术,睑球粘连分离术,次,710,640,570
330403002,结膜肿物切除术,结膜病损切除术,次,420,380,335
330403004,结膜囊成形术,结膜囊成形术,次,710,640,570
330403006,麦粒肿切除术,眼眶病损切除术,次,100,90,80
330403007,下穹窿成形术,结膜穹窿成形术,单侧,885,795,710
330403010,射频结膜松弛矫正术,结膜松弛矫正术,单侧,新增项目,,
330404002,近视性放射状角膜切开术,角膜切开术,次,1130,1020,905
330404004,角膜拆线,角膜缝线去除,次,125,115,100
330404005,角膜基质环植入术,角膜基质环植入术,次,待定,,
330404006,角膜深层异物取出术,角膜切开异物去除术,次,660,595,530
330404007,翼状胬肉切除术,翼状胬肉切除术,次,375,340,300
330404008,翼状胬肉切除+角膜移植术,翼状胬肉切除伴自体干细胞移植术、翼状胬肉切除术伴异体干细胞移植术,次,1420,1280,1140
330404009,角膜白斑染色术,角膜染色术[墨针],次,待定,,
330404010,角膜移植术,角膜移植,次,,,
330404010a,角膜移植术,板层角膜移植术,次,1760,1580,1410
330404010b,角膜移植术,穿透性角膜移植术,次,2610,2350,2090
330404011,羊膜移植术,羊膜移植的角膜成形术,次,850,765,680
330404013,瞳孔再造术,瞳孔成形术,次,1730,1560,1380
330404014,角膜交联术,角膜交联术,单眼,2700,2430,2160
330404015,舒莱姆氏管（Schlemm，s管）成形术,巩膜静脉窦扩张术[Schlemm's管扩张术],单侧,新增项目,,
330404017,角膜层间冲洗术,板层角膜间冲洗术,单眼,新增项目,,
330404018,角膜基质注射术,角膜基质内注药术,单眼,新增项目,,
330404019,角膜热成形术,角膜热成形术,单眼,新增项目,,
330405001,虹膜全切除术,虹膜全切除术,次,820,740,655
330405002,虹膜周边切除术,虹膜周边切除术,次,565,510,450
330405003,虹膜根部离断修复术,虹膜离断缝合术,次,850,765,680
330405004,虹膜贯穿术,虹膜切开术伴贯穿术,次,395,355,315
330405005,虹膜囊肿切除术,虹膜病损切除术,次,1410,1270,1130
330405006,人工虹膜隔植入术,人工虹膜隔植入术,次,1130,1020,905
330405007,睫状体剥离术,睫状体分离术,次,850,765,680
330405008,睫状体断离复位术,睫状体复位术,每象限,850,765,680
330405009,睫状体及脉络膜上腔放液术,脉络膜上腔放液术,次,660,595,530
330405011,前房角切开术,前房角切开术,次,850,765,680
330405012,前房成形术,前房成形术,次,255,230,205
330405015,小梁切开术,外路小梁切开术,次,1130,1020,905
330405017,青光眼硅管植入术,硅管置入术,次,1060,955,850
330405018,青光眼滤帘修复术,青光眼阀修复调位术,次,365,330,290
330405019,青光眼滤过泡分离术,滤过泡分离术,次,365,330,290
330405021,巩膜缩短术,巩膜缩短术,次,660,595,530
330405023,非穿透性激光深层巩膜切除术,巩膜切除术,单眼,新增项目,,
330406001,白内障截囊吸取术,白内障切割吸出术,次,660,595,530
330406002,白内障囊膜切除术,膜性白内障剪除术,次,660,595,530
330406003,白内障囊内摘除术,白内障囊内摘除术,次,925,835,740
330406004,白内障囊外摘除术,白内障囊外摘除术,次,925,835,740
330406005,白内障超声乳化摘除术,白内障超声乳化抽吸术,次,2650,2390,2120
330406006,白内障囊外摘除+人工晶体植入术,眼内人工晶状体置入伴白内障摘出术，一期,次,1940,1750,1550
330406007,人工晶体复位术,人工晶状体复位术,次,430,390,345
330406008,人工晶体置换术,人工晶体再置入术,次,1700,1530,1360
330406009,二期人工晶体植入术,人工晶体二期置入术,次,1130,1020,905
330406010,白内障超声乳化摘除术+人工晶体植入术,白内障摘除伴人工晶体一期置入术,次,3530,3180,2820
330406011,人工晶体睫状沟固定术,人工晶体睫状沟固定术,次,1140,1030,910
330406012,人工晶体取出术,人工晶体取出术,次,1060,950,850
330406020,晶体张力环置入术,晶状体囊袋张力环植入术,单侧,530,475,425
330406021,人工晶体悬吊术,人工晶状体悬吊术,单侧,1130,1020,905
330407001,玻璃体穿刺抽液术,玻璃体诊断性抽吸,次,565,510,450
330407002,玻璃体切除术,前入路玻璃体切除术、后入路玻璃体切割术,次,2650,2390,2120
330407003,玻璃体内猪囊尾蚴取出术,玻璃体腔异物取出术,次,3170,2850,2540
330407004,视网膜脱离修复术,视网膜脱离电凝术,次,2120,1910,1700
330407007,黄斑裂孔封闭术,黄斑裂孔填塞术,次,395,355,315
330407010,黄斑转位术,黄斑转位术,次,3530,3180,2820
330407014,硅油取出术,玻璃体硅油取出术,单侧,1060,955,850
330407015,折叠式人工玻璃体球囊眼内植入术,人工玻璃体球囊置入术,单侧,新增项目,,
330407018,黄斑裂孔填塞术,黄斑裂孔填塞术,单侧,新增项目,,
330409001,球内磁性异物取出术,用磁吸法的去除晶状体异物,次,1130,1020,900
330409002,球内非磁性异物取出术,不使用磁吸法的去除晶状体异物,次,1410,1270,1130
330409003,球壁异物取出术,后段眼球壁异物取出术,次,850,765,680
330409004,眶内异物取出术,眼内异物取出术,次,790,710,630
330409005,眼球裂伤缝合术,角膜裂伤缝合术,次,1390,1250,1110
330409007,眼内容摘除术,眼内容物剜出伴巩膜内填充,次,630,565,505
330409008,眼球摘除术,眼球摘除术,次,660,595,530
330409009,眼球摘除+植入术,眼球摘除伴植入物置入术,次,1210,1090,970
330409010,义眼安装,义眼二期置入术,次,71,64,57
330409012,活动性义眼眼座植入术,二期义眼台置入术,次,1210,1090,970
330409013,眶内血肿穿刺术,眼眶内穿刺引流术,单侧,190,170,150
330409014,眶内肿物摘除术,眶内病损切除术,次,2120,1910,1700
330409015,眶内容摘除术,眼眶内容物剜出术,次,1100,990,880
330409016,上颌骨切除合并眶内容摘除术,上颌骨病损切除术+眼眶内容物剜出术,次,2650,2390,2120
330409017,眼窝填充术,眼窝凹陷填充术,次,1420,1280,1140
330409018,眼窝再造术,眼眶再造术,次,995,895,795
330409019,眼眶壁骨折整复术,内镜下眶壁骨折整复术,次,1760,1580,1410
330409020,眶骨缺损修复术,眶骨缺损修复术,次,2820,2540,2260
330409022,眼眶减压术,眶减压术,单眼,850,765,680
330409024,视神经减压术,视神经减压术,次,1850,1670,1480
330409025,眶距增宽症整形术,眶距增宽矫正术,单侧,850,765,680
330409026,隆眉弓术,眉弓重建术,双侧,价格放开,,
330409028,眉缺损修复术,眉修补术,次,1130,1020,905
330501002,耳道异物取出术,外耳道切开异物取出术,次,380,340,305
330501003,耳廓恶性肿瘤切除术,耳廓病损切除术,次,715,645,570
330501006,耳前瘘管切除术,耳前瘘管切除术,次,620,560,495
330501007,耳腮裂瘘管切除术,鳃裂瘘管切除术,次,1700,1530,1360
330501008,耳后瘘孔修补术,耳后瘘管修补术,次,585,525,470
330501009,耳前瘘管感染切开引流术,耳前瘘管切除术,次,190,170,150
330501010,外耳道良性肿物切除术,外耳道病损切除术,次,550,495,440
330501011,外耳道肿物活检术,外耳活组织检查,次,125,115,100
330501012,外耳道疖脓肿切开引流术,外耳道切开引流术,次,125,115,100
330501013,外耳道恶性肿瘤切除术,外耳道病损切除术,次,1250,1130,1000
330501014,完全断耳再植术,断耳再接术,次,2120,1910,1700
330501015,部分断耳再植术,断耳再接术,次,1700,1530,1360
330501016,一期耳廓成形术,耳廓成形术,次,1840,1660,1470
330501017,分期耳廓成形术,耳廓成形术,次,1700,1530,1360
330501018,耳廓再造术,耳廓造孔,次,2650,2390,2120
330501019,耳廓畸形矫正术,耳廓成形术,次,1700,1530,1360
330501021,外耳道成形术,外耳道成形术,次,1760,1580,1410
330502001,鼓膜置管术,鼓膜切开术伴置管,次,705,635,570
330502002,鼓膜切开术,其他鼓膜切开术,次,630,565,505
330502003,耳显微镜下鼓膜修补术,鼓膜修补术,次,1700,1530,1360
330502004,经耳内镜鼓膜修补术,内镜下鼓膜修补术,次,1700,1530,1360
330502005,镫骨手术,镫骨再撼动术,次,1840,1660,1470
330502006,二次镫骨底板切除术,镫骨切除术,次,1980,1780,1580
330502007,二氧化碳激光镫骨底板开窗术,镫骨足板开窗术,次,3000,2700,2400
330502009,鼓室成形术,鼓室成形术,次,2820,2540,2260
330502010,人工听骨听力重建术,听骨链重建术,次,3170,2850,2540
330502011,经耳内镜鼓室探查术,鼓室探查术,次,1840,1660,1470
330502012,咽鼓管扩张术,咽鼓管扩张术,单侧,540,485,430
330502014,单纯乳突凿开术,单纯乳突切除术,次,1280,1150,1020
330502015,完壁式乳突根治术,完壁式乳突改良根治术,次,1700,1530,1360
330502016,开放式乳突根治术,开放式乳突改良根治术,次,1700,1530,1360
330502017,乳突改良根治术,乳突改良根治术,次,2120,1910,1700
330502018,上鼓室鼓窦凿开术,上鼓室鼓窦切开术,次,1700,1530,1360
330502019,经耳脑脊液耳漏修补术,耳镜下脑脊液耳漏修补术,次,2270,2040,1820
330502020,电子耳蜗植入术,人工耳蜗置入术,次,3530,3180,2820
330502022,脑膜中动脉闭合术,脑膜中动脉结扎术,次,新增项目,,
330502023,骨传导助听器植入术,骨锚式助听器置入术,单侧,新增项目,,
330502024,振动声桥植入术,中耳振动声桥置入术,单侧,新增项目,,
330502025,助听植入体取出术,人工耳蜗取出术,单侧,新增项目,,
330502026,咽鼓管脂肪注射术,咽鼓管填充术,次,新增项目,,
330503001,内耳窗修补术,内耳开窗术的修复术,次,1700,1530,1360
330503002,内耳开窗术,内耳开窗术(初次),次,1700,1530,1360
330503003,内耳淋巴囊减压术,内淋巴减压术,次,2650,2390,2120
330503005,翼管神经切断术,翼管神经切断术,次,2120,1910,1700
330503006,鼓丛切除术,鼓室神经丛切除术,次,2120,1910,1700
330503008,经迷路听神经瘤切除术,经迷路内听道听神经瘤切除术,次,3890,3500,3110
330503012,经迷路岩尖引流术,岩尖切开术,次,3840,3460,3070
330503014,颞骨部分切除术,颞骨部分切除术,次,2820,2540,2260
330503016,颞骨全切术,颞骨全切除术,次,3500,3150,2800
330503017,耳后骨膜下脓肿切开引流术,耳后切开引流术,次,505,450,400
330503018,经乳突脑脓肿引流术,脑脓肿切开引流术，脑脓肿穿刺引流术,次,1950,1760,1560
330503019,经乳突硬膜外脓肿引流术,硬膜外脓肿清除术,次,1950,1760,1560
330601001,鼻外伤清创缝合术,"鼻皮肤和皮下坏死组织切除清创术、鼻皮肤
和皮下组织非切除性清创",次,425,385,340
330601002,鼻骨骨折整复术,鼻骨折闭合性复位术、鼻骨折开放性复位术,次,485,440,385
330601005,前鼻孔成形术,前鼻孔成形术,次,725,655,580
330601007,鼻腔异物取出术,鼻腔内异物去除,次,255,230,205
330601008,下鼻甲部分切除术,鼻甲部分切除术,次,585,525,470
330601009,中鼻甲部分切除术,鼻甲部分切除术,次,585,525,470
330601010,鼻翼肿瘤切除成形术,鼻病损切除术或破坏术,次,1280,1150,1020
330601011,鼻前庭囊肿切除术,鼻前庭病损切除术,次,1130,1020,900
330601012,鼻息肉摘除术,鼻息肉切除术,次,650,585,520
330601014,鼻中隔矫正术,鼻中隔成形术,次,1130,1020,905
330601015,鼻中隔软骨取骨术,鼻中隔软骨移植术,次,715,645,570
330601016,鼻中隔穿孔修补术,鼻中隔穿孔修补术,次,1490,1340,1190
330601018,筛动脉结扎术,控制鼻出血，用筛动脉结扎术,次,1000,900,800
330601019,筛前神经切断术,筛前神经切断术,次,1080,970,865
330601020,经鼻鼻侧鼻腔鼻窦肿瘤切除术,鼻窦病损切除术,次,1850,1670,1480
330601021,经鼻鼻腔鼻窦肿瘤切除术,鼻窦病损切除术,次,2290,2060,1830
330601022,隆鼻术,单纯鞍鼻矫治术(隆鼻术),次,价格放开,,
330601024,重度鞍鼻畸形矫正术,单纯鞍鼻矫治术(隆鼻术),次,1700,1530,1360
330601026,鼻再造术,臂部皮瓣鼻再造术,次,2550,2300,2040
330601028,后鼻孔成形术,后鼻孔成形术,次,1850,1670,1480
330602001,上颌窦鼻内开窗术,鼻内上颌窦切开术,次,850,765,680
330602002,上颌窦根治术(柯-路氏手术),上颌窦根治术,次,1080,970,865
330602003,经上颌窦颌内动脉结扎术,控制鼻出血，用(经上颌窦)颌动脉结扎术,次,1280,1150,1020
330602004,鼻窦异物取出术,鼻窦切开异物取出术,次,1190,1070,950
330602005,萎缩性鼻炎鼻腔缩窄术,鼻腔缩窄术,次,1700,1530,1360
330602007,鼻外额窦开放手术,鼻外额窦开窗术,次,1000,900,800
330602008,鼻内额窦开放手术,内镜下额窦开窗术,次,1130,1020,905
330602009,鼻外筛窦开放手术,筛窦切开术,次,990,890,790
330602010,鼻内筛窦开放手术,内镜下筛窦开窗术,次,1420,1280,1140
330602011,鼻外蝶窦开放手术,蝶窦开窗术,次,1420,1280,1140
330602012,鼻内蝶窦开放手术,内镜下蝶窦开窗术,次,1560,1400,1250
330602014,全筛窦切除术,筛窦切开术,次,1850,1670,1480
330602015,经鼻内镜鼻窦球囊扩张术,内镜下鼻窦扩大术,个,新增项目,,
330603003,经前颅窝鼻窦肿物切除术,内镜下鼻窦病损切除术,次,4940,4450,3950
330603004,经鼻视神经减压术,神经内镜下经鼻腔视神经管减压术,次,2120,1910,1700
330603005,鼻外视神经减压术,神经内镜下经鼻腔视神经管减压术,次,2120,1910,1700
330603006,经鼻内镜眶减压术,内镜下眶减压术,次,2120,1910,1700
330604001,乳牙拔除术,拔除乳牙,每牙,11,10,9
330604002,前牙拔除术,拔牙术,每牙,23,21,18
330604003,前磨牙拔除术,拔牙术,每牙,35,32,28
330604004,磨牙拔除术,拔牙术,每牙,46,41,37
330604005,复杂牙拔除术,拔牙术,每牙,88,79,70
330604006,阻生牙拔除术,阻生牙拔除术,每牙,330,295,265
330604008,牙再植术,自体牙再植术,每牙,115,105,90
330604010,牙槽骨修整术,牙槽骨修整术,每牙,88,79,70
330604011,牙槽嵴增高术,牙槽嵴裂植骨术,每牙,价格放开,,
330604014,口腔上颌窦瘘修补术,上颌窦瘘修补术,次,575,520,460
330604015,上颌窦开窗异物取出术,上颌窦开窗术,次,575,520,460
330604016,唇颊沟加深术,唇颊沟加深术,次,550,495,440
330604023,牙齿萌出囊肿袋形术,牙齿囊肿袋形缝合术,每牙,140,125,110
330604024,颌骨囊肿摘除术,颌骨囊肿摘除术,次,770,695,615
330604026,根尖切除术,根尖切除术,每牙,285,255,230
330604027,根尖搔刮术,根尖搔刮术,每牙,230,205,185
330604029,牙龈翻瓣术,牙龈翻瓣术,每牙,155,140,125
330604030,牙龈再生术,牙龈成形术,每组,230,205,185
330604031,牙龈切除术,牙龈切开术,每牙,69,62,55
330604034,牙冠延长术,牙冠延长术,每牙,115,105,92
330604041,松动牙根管内固定术,根管填充术,每牙,115,105,92
330605001,口腔颌面部小肿物切除术,面部脓肿引流术,次,460,415,370
330605002,口腔颌面部神经纤维瘤切除成形术,面部病损切除术,次,1680,1510,1340
330605003,颌下腺移植术,颌下腺自体移植术,次,1890,1700,1510
330605004,涎腺瘘切除修复术,涎腺裂伤缝合术,次,1050,945,840
330605005,下颌骨部分切除术,下颌骨部分切除术,次,1050,945,840
330605006,下颌骨半侧切除术,半下颌骨切除术,次,1320,1190,1060
330605007,下颌骨扩大切除术,下颌骨部分切除术,次,1680,1510,1340
330605009,上颌骨部分切除术,上颌骨部分切除术,次,1050,945,840
330605010,上颌骨次全切除术,上颌骨次全切除术,次,1260,1130,1010
330605011,上颌骨全切术,上颌骨全部切除术,次,1680,1510,1340
330605012,上颌骨扩大切除术,上颌骨部分切除术,次,2210,1990,1770
330605013,颌骨良性病变切除术,下颌骨病损切除术，上颌骨病损切除术,次,1260,1130,1010
330605014,舌骨上淋巴清扫术,舌骨上颈淋巴结清扫术,次,1260,1130,1010
330605015,舌恶性肿物切除术,舌病损切除术,次,1580,1420,1260
330605016,舌根部肿瘤切除术,支撑喉镜下舌根部病损切除术,次,1580,1420,1260
330605017,颊部恶性肿物局部扩大切除术,颊部病损切除术,次,1260,1130,1010
330605018,口底皮样囊肿摘除术,颌骨囊肿摘除术,次,945,850,755
330605019,口底恶性肿物局部扩大切除术,口底病损切除术,次,1260,1130,1010
330605021,口腔颌面颈部异物取出术,非切开颈部异物去除,次,945,850,755
330605023,腭部肿物局部扩大切除术,硬腭部分切除术,次,1050,945,840
330605027,腮腺浅叶肿物切除术,腮腺浅叶切除术,次,1260,1130,1010
330605028,腮腺全切除术,腮腺切除术,次,1370,1230,1100
330605029,腮腺恶性肿物扩大切除术,腮腺病损切除术,次,1580,1420,1260
330605031,鳃裂囊肿切除术,鳃裂囊肿切除术,次,1210,1090,970
330605032,涎腺导管结石取石术,涎腺切开异物去除术,次,550,495,440
330605034,舌下腺切除术,舌下腺切除术,次,660,595,530
330605036,颌下腺切除术,颌下腺切除术,次,785,705,630
330606001,系带成形术,舌系带成形术,次,330,295,265
330606004,腭弓成形术,咽腭弓延长成形术，咽腭弓延长成形术,次,1260,1130,1010
330606006,腭咽成形术,腭咽成形术,次,1050,945,840
330606008,悬雍垂腭咽成形术(UPPP),悬雍垂腭咽成形术,次,1050,945,840
330606010,唇缺损修复术,唇缺损修复术,次,1260,1130,1010
330606011,单侧不完全唇裂修复术,唇裂伤缝合术,次,1370,1230,1100
330606012,单侧完全唇裂修复术,唇裂二期修复术,次,1790,1610,1430
330606014,Ⅰ°腭裂兰氏修复术,腭裂修补术,次,1050,945,840
330606015,II°腭裂兰氏修复术,腭裂修补术,次,1160,1040,930
330606016,III°腭裂兰氏修复术,腭裂修补术,次,1260,1130,1010
330606017,反向双“Z“腭裂修复术,腭裂修补术,次,1260,1130,1010
330606018,单瓣二瓣后退腭裂修复术,腭裂修补术,次,1260,1130,1010
330606019,腭咽环扎腭裂修复术,腭裂修补术,次,1260,1130,1010
330606020,组织瓣转移腭裂修复术,腭裂修补术,次,1470,1320,1180
330606021,腭咽肌瓣成形术,腭咽成形术,次,1260,1130,1010
330606025,齿龈成形术,牙龈成形术,次,990,890,790
330606027,面横裂修复术,面横裂矫正术,次,1260,1130,1010
330606037,带蒂皮瓣二期断蒂术,带蒂皮瓣断蒂术,次,785,705,630
330606038,皮瓣肌皮瓣延迟术,带蒂皮瓣延迟术,次,945,850,755
330606039,腭瘘修补术,腭瘘修补术,次,1260,1130,1010
330606040,经颈部茎突过长切除术,茎突截短术,次,945,850,755
330606041,经口茎突过长切除术,茎突截短术,次,1260,1130,1010
330607001,上颌雷弗特I型截骨术（Le Fort） ,上颌LefortⅠ型截骨成形术,单颌,价格放开,,
330607002,上颌雷弗特II型截骨术（Le Fort）,上颌LefortⅡ型截骨成形术,单颌,价格放开,,
330607003,上颌雷弗特III型截骨术（Le Fort）,上颌LefortⅢ型截骨成形术,单颌,价格放开,,
330607007,下颌根尖下截骨术,下颌根尖下截骨成形术,次,价格放开,,
330607008,下颌下缘去骨成形术,下颌下缘去骨成形术,次,价格放开,,
330607014,颧骨颧弓成型术,颧弓成形术,单侧,价格放开,,
330607015,颞下颌关节盘手术,颞颌关节盘切除术，颞颌关节盘固定术,单侧,1580,1420,1260
330607017,颞下颌关节成形术,颞下颌关节成形术,单侧,1580,1420,1260
330608001,口腔颌面软组织清创术(大),皮肤和皮下组织非切除性清创、皮肤和皮下坏死组织切除清创术,次,1470,1320,1180
330608002,口腔颌面软组织清创术(中),皮肤和皮下组织非切除性清创、皮肤和皮下坏死组织切除清创术,次,1050,945,840
330608003,口腔颌面软组织清创术(小),皮肤和皮下组织非切除性清创、皮肤和皮下坏死组织切除清创术,次,440,395,350
330608004,颌骨骨折单颌牙弓夹板固定术,"上颌骨折闭合复位伴牙弓夹板结扎固定术,
下颌骨骨折闭合复位伴牙弓夹板结扎固定术",单颌,330,295,265
330608005,颌骨骨折颌间固定术,"上颌骨骨折切开复位内固定术,下颌骨骨折
切开复位内固定术",单颌,660,595,530
330608007,髁状突陈旧性骨折整复术,髁状突骨折切开复位内固定术,单侧,1580,1420,1260
330608008,髁状突骨折切开复位内固定术,髁状突骨折切开复位内固定术,单侧,1580,1420,1260
330608009,下颌骨骨折切开复位内固定术,下颌骨骨折切开复位内固定术,单颌,1260,1130,1010
330608010,上颌骨骨折切开复位内固定术,上颌骨骨折切开复位内固定术,单颌,1260,1130,1010
330608011,颧骨骨折切开复位内固定术,颧骨骨折切开复位内固定术,单侧,1580,1420,1260
330608012,颧弓骨折复位术,颧弓骨折切开复位术,单侧,1050,950,840
330608013,颧骨上颌骨复合骨折切开复位内固定术,上颌骨骨折切开复位内固定术,单侧,1580,1420,1260
330608019,骨内固定植入物取出术,"眶骨内固定装置取出术，颧骨内固定装置
取出术，下颌骨内固定装置取出术，上颌
骨内固定装置取出术",单颌,460,415,370
330608020,下颌骨缺损植骨修复术,下颌骨自体骨植入术,单颌,1580,1420,1260
330608021,下颌骨缺损网托碎骨移植术,下颌骨骨移植术,单颌,1790,1610,1430
330608022,下颌骨缺损带蒂骨移植术,下颌骨骨移植术,单颌,1790,1610,1430
330608024,下颌骨缺损钛板重建术,下颌骨钛板置入术,单颌,1260,1130,1010
330608026,上颌骨缺损植骨修复术,上颌骨骨移植术,单颌,1260,1130,1010
330609001,牙种植体植入术,种植牙,次,价格放开,,
330609003,下齿槽神经移位术,下牙槽神经移位术,次,945,850,755
330609004,骨劈开术,下颌骨劈开术,次,880,790,705
330609010,种植体二期手术,义齿种植二期手术(种植体基桩连接术),次,840,755,670
330610001,扁桃体切除术,扁桃体切除术,次,715,645,570
330610002,腺样体刮除术,腺样体切除术,次,765,690,610
330610003,舌扁桃体切除术,舌扁桃体切除术,次,1060,955,850
330610004,扁桃体周围脓肿切开引流术,扁桃体周围切开引流术,次,255,230,205
330611001,咽后壁脓肿切开引流术,咽后组织切开引流术,次,530,475,425
330611002,经颈侧进路鼻咽肿瘤切除术,鼻咽病损切除术,次,2120,1910,1700
330611003,经硬腭进路鼻咽肿瘤切除术,鼻咽病损切除术,次,2350,2120,1880
330611005,颈侧切开下咽肿瘤切除术,下咽病损切除术,次,5290,4760,4230
330611006,颈外进路咽旁间隙肿物摘除术,咽旁间隙病损切除术,次,2520,2270,2020
330611008,咽瘘皮瓣修复术,咽瘘修补术,次,2120,1910,1700
330611009,侧颅底切除术,颅底病损切除术,次,5290,4760,4230
330701001,经直达喉镜喉肿物摘除术,支撑喉镜下喉病损切除术、支撑喉镜下咽部活组织检查、咽内异物去除,次,1000,900,800
330701002,颈侧切开喉部肿瘤切除术,喉病损切除术,次,2120,1910,1700
330701005,气管切开术,暂时性气管切开术，永久性气管切开术,次,770,695,615
330701006,喉全切除术,全部喉切除术,次,2960,2660,2370
330701008,喉功能重建术,喉功能重建术,次,3840,3460,3070
330701010,喉次全切除术,喉次全切除术,次,3840,3460,3070
330701014,声门上水平喉切除术,声门上喉部分切除术,次,3840,3460,3070
330701015,梨状窝癌切除术,梨状窝病损切除术,次,3840,3460,3070
330701022,喉良性肿瘤切除术,喉病损切除术,次,1980,1780,1580
330701025,经支撑喉镜激光声带肿物切除术,支撑喉镜下声门病损切除术,次,1980,1780,1580
330701026,经颈侧杓状软骨切除声带外移术,喉杓状软骨切除术,次,2120,1910,1700
330701028,喉气管外伤缝合成形术,喉气管瘘修补术,次,1250,1130,1000
330701031,甲状软骨成形术,甲状软骨成形术,次,1420,1280,1140
330701035,环杓关节复位术,内镜下环杓关节复位术,次,1060,955,850
330701036,会厌脓肿切开引流术,会厌切开引流术,次,1170,1050,935
330701037,经颈进路会厌肿物切除术,会厌病损切除术,次,1280,1150,1020
330701038,会厌良性肿瘤切除术,会厌病损切除术,次,1280,1150,1020
330701040,气管瘘修复术,气管瘘闭合术,次,2650,2390,2120
330701041,气管内肿瘤切除术,气管病损切除术,次,4550,4100,3640
330701042,气管成形术,气管成形术,次,4900,4410,3920
330701043,颈段气管食管瘘修补术,气管食管瘘修补术,次,2670,2400,2140
330701044,颈部囊状水瘤切除术,颈部软组织病损切除术,次,2670,2400,2140
330701045,颈部气管造口再造术,气管造口扩张术,次,2120,1910,1700
330702001,肺内异物摘除术,肺内异物取出术,次,3320,2990,2660
330702003,肺段切除术,肺节段切除术,次,3320,2990,2660
330702004,肺减容手术,支气管镜下肺减容术,次,5250,4730,4200
330702005,肺楔形切除术,肺楔形切除术,次,3320,2990,2660
330702006,肺叶切除术,肺叶切除术,次,3890,3500,3110
330702007,袖状肺叶切除术,肺叶袖状切除术,次,4380,3940,3500
330702008,全肺切除术,全肺切除术,次,4380,3940,3500
330702009,肺大泡切除修补术,肺大泡切除术,次,3320,2990,2660
330702011,肺修补术,肺修补术,次,3320,2990,2660
330702012,肺移植术,肺移植术,次,15880,14290,12700
330702013,自体肺移植术,自体肺移植术,次,8820,7940,7060
330703003,开胸探查术,开胸探查术,次,3170,2850,2540
330703004,开胸止血术,开胸止血术,次,2550,2300,2040
330703005,肋骨骨髓病灶清除术,肋骨病损切除术,次,3170,2850,2540
330703006,肋骨切除术,肋骨切断术,次,2650,2390,2120
330703008,胸壁结核病灶清除术,胸腔镜下胸壁病损切除术,次,3320,2990,2660
330703009,胸廓成形术,胸廓成形术,次,3890,3500,3110
330703010,胸骨牵引术,胸骨牵引术,次,1130,1020,905
330703012,胸壁肿瘤切除术,胸壁病损切除术,次,2650,2390,2120
330703013,胸壁缺损修复术,"胸壁缺损修补术(人工材料)，胸壁缺损修补术
(自体材料)",单侧,3320,2990,2660
330703014,胸廓畸形矫正术,胸廓畸形矫正术,次,3320,2990,2660
330703015,小儿鸡胸矫正术,鸡胸矫正术,次,3890,3500,3110
330703017,胸腔闭式引流术,胸腔闭式引流术,次,505,455,405
330703019,胸膜剥脱术,胸膜剥脱术,次,2840,2560,2270
330703020,脓胸引流清除术,胸腔镜下脓胸清除术,次,1320,1190,1060
330703021,胸膜活检术,胸膜活检,次,1010,910,810
330703022,胸膜粘连烙断术,胸膜粘连松解术,次,1560,1400,1250
330703023,胸膜固定术,胸膜固定术,次,1250,1130,1000
330703024,经纤支镜支气管胸膜瘘堵塞术,支气管镜下支气管胸膜瘘修补术,次,2290,2060,1830
330703026,纵隔肿物切除术,纵隔病损切除术,次,3890,3500,3110
330703027,纵隔气肿切开减压术,纵隔切开术,次,1410,1270,1130
330703028,膈肌修补术,膈肌修补术,次,3170,2850,2540
330703029,膈肌折叠术,膈肌折叠术,次,2650,2390,2120
330703031,膈神经麻痹术,膈神经切断术,次,1190,1070,950
330703032,先天性膈疝修补术,经腹膈疝修补术,次,3890,3500,3110
330703033,先天性食管裂孔疝修补术,经腹食管裂孔疝修补术,次,3890,3500,3110
330703034,食管裂孔疝修补术,腹腔镜经腹食管裂孔疝修补术,次,3120,2810,2500
330801001,二尖瓣闭式扩张术,二尖瓣闭式扩张术,次,3500,3150,2800
330801002,二尖瓣直视成形术,二尖瓣成形术,次,5250,4730,4200
330801003,二尖瓣替换术,二尖瓣生物瓣膜置换术，二尖瓣机械瓣膜置换术,次,5250,4730,4200
330801004,三尖瓣直视成形术,三尖瓣成形术,次,4940,4450,3950
330801005,三尖瓣置换术,三尖瓣生物瓣膜置换术，三尖瓣机械瓣膜置换术,次,5250,4730,4200
330801006,三尖瓣下移畸形矫治术(Ebstein畸形矫治术),三尖瓣下移矫治术[Ebstein畸形],次,5650,5090,4520
330801007,主动脉瓣上狭窄矫治术,主动脉瓣瓣上狭窄矫治术,次,5250,4730,4200
330801009,主动脉瓣置换术,经导管主动脉瓣置换术,次,5250,4730,4200
330801010,自体肺动脉瓣替换主动脉瓣术(ROSS手术),自体肺动脉移植术[Ross手术],次,7940,7150,6350
330801011,肺动脉瓣置换术,经心尖肺动脉瓣置换,次,5250,4730,4200
330801015,瓣周漏修补术,主动脉瓣瓣周漏修补术,次,5250,4730,4200
330801016,房间隔造口术(Blabock-Hanlon手术),房间隔造口术,次,2120,1910,1700
330801017,房间隔缺损修补术,房间隔缺损修补术,次,4380,3940,3500
330801018,室间隔缺损直视修补术,室间隔缺损修补术,次,4900,4410,3920
330801019,部分型心内膜垫缺损矫治术,部分型心内膜垫缺损矫治术,次,5250,4730,4200
330801020,完全型心内膜垫缺损矫治术,完全型心内膜垫缺损矫治术,次,7020,6320,5620
330801021,卵圆孔修补术,卵圆孔未闭修补术,次,待定,,
330801027,三房心矫治术,三房心矫治术,次,5250,4730,4200
330801028,单心室分隔术,三尖瓣闭合术(单心室),次,7940,7150,6350
330801029,经皮主动脉瓣置换术,血管内主动脉瓣置换,次,新增项目,,
330802001,冠状动静脉瘘修补术,冠状动静脉瘘修补术,次,5250,4730,4200
330802003,冠状动脉搭桥术,主动脉-冠状动脉搭桥术,每支吻合血管,7020,6320,5620
330802006,非体外循环冠状动脉搭桥术,主动脉-冠状动脉搭桥术,每支吻合血管,7020,6320,5620
330802008,冠状动脉内膜切除术,冠状动脉内膜切除术,次,3890,3500,3110
330802009,肺动静脉瘘结扎术,肺动静脉瘘修补术,次,2610,2350,2090
330802011,上腔静脉肺动脉吻合术(双向Glenn),双向肺动脉-上腔静脉分流术[双向Glenn手术],每侧,4410,3970,3530
330802012,肺动脉环缩术,肺动脉环缩术,次,2800,2520,2240
330802013,肺动脉栓塞摘除术,肺动脉栓塞术,次,4410,3970,3530
330802014,动脉导管闭合术,动脉导管未闭结扎术,次,3500,3150,2800
330802015,主肺动脉窗修补术,肺动脉干修补术,次,4730,4260,3780
330802016,先天性心脏病体肺动脉分流术,右心室-肺动脉分流术[Rastelli手术],次,3500,3150,2800
330802017,全腔肺动脉吻合术,腔静脉-肺动脉吻合术,次,7020,6320,5620
330802018,右室双出口矫治术,右室双出口矫治术,次,7020,6320,5620
330802019,肺动脉闭锁矫治术,肺动脉闭锁修补术,次,7410,6670,5930
330802020,部分型肺静脉畸形引流矫治术,部分型肺静脉畸形引流矫治术,次,4410,3970,3530
330802021,完全型肺静脉畸形引流矫治术,完全肺静脉异位引流矫正术,次,5250,4730,4200
330802023,主动脉缩窄矫治术,主动脉缩窄术,次,6700,6030,5360
330802024,左室流出道狭窄疏通术,左室流出道疏通术,次,5650,5090,4520
330802025,主动脉根部替换术,主动脉瓣和升主动脉置换和冠脉移植术（Bentall手术）,次,7020,6320,5620
330802026,保留瓣膜的主动脉根部替换术,保留主动脉瓣主动脉根部置换加冠状动脉移植术（David手术）,次,7060,6350,5650
330802028,主动脉窦瘤破裂修补术,经皮主动脉窦瘤封堵术,次,5650,5090,4520
330802029,升主动脉替换术,胸腔镜升主动脉置换术,次,6700,6030,5360
330802030,升主动脉替换加主动脉瓣替换术(Wheat′s手术),主动脉瓣生物瓣膜置换伴升主动脉置换术[Wheat's手术],次,7020,6320,5620
330802031,主动脉弓中断矫治术,主动脉弓中断矫治术,次,7940,7150,6350
330802033,主动脉弓置换术,全主动脉弓人工血管置换术,次,7940,7150,6350
330802034,“象鼻子”技术,支架象鼻术,次,7940,7150,6350
330802035,主动脉弓降部瘤切除人工血管置换术,主动脉瘤切除伴人工血管置换术,次,7940,7150,6350
330802036,动脉调转术(Switch术),双动脉根部调转术,次,8460,7610,6770
330802037,心房调转术,心房内调转术,次,6170,5550,4940
330802038,双调转手术(Double Switch手术),双动脉根部调转术,次,8460,7610,6770
330802039,内外通道矫治手术(Rastalli手术),右心室-肺动脉分流术[Rastelli手术],次,7410,6670,5930
330802040,房坦型手术(Fontan Type手术),方坦手术,次,7020,6320,5620
330802042,永存动脉干修复术,永存动脉干修补术,次,7410,6670,5930
330802044,科诺（Konno）手术,改良Konno手术,次,7060,6350,5650
330802046,左心耳封堵术,左心耳夹闭术,次,4230,3800,3380
330803002,心包剥脱术,心包剥脱术,次,3500,3150,2800
330803003,经胸腔镜心包部分切除术,心包部分切除术,次,2820,2540,2260
330803004,心包肿瘤切除术,心包病损切除术,次,3500,3150,2800
330803005,心包开窗引流术,心包开窗术,次,1420,1280,1140
330803008,心内异物取出术,心脏切开异物去除术,次,4940,4450,3950
330803009,心脏良性肿瘤摘除术,心脏肿瘤切除术,次,4940,4450,3950
330803010,心脏恶性肿瘤摘除术,心脏肿瘤切除术,次,5250,4730,4200
330803011,室壁瘤切除术,室壁瘤切除术,次,5250,4730,4200
330803012,左房血栓清除术,心房血栓清除术,次,4410,3970,3530
330803013,左房折叠术,心房折叠术,次,3890,3500,3110
330803014,左室减容术(Batista手术),心室减容术,次,3890,3500,3110
330803015,心脏异常传导束切断术,心脏异常传导束切断术,次,4940,4450,3950
330803016,迷宫手术(房颤矫治术),心脏射频消融改良迷宫术,次,5290,4760,4230
330803017,心脏表面临时起搏器安置术,暂时性经静脉起搏器系统的置入,次,265,240,210
330803018,激光心肌打孔术,心肌激光打孔术,每孔次,140,125,110
330803020,心脏移植术,心脏移植术,次,21170,19050,16940
330803022,左右心室辅助泵安装术,植入或置入双心室心脏外置式辅助系统,次,2100,1890,1680
330803023,主动脉内球囊反搏置管术,主动脉球囊反搏置入术,次,2650,2390,2120
330803024,左右心室辅助泵安装术,植入或置入双心室心脏外置式辅助系统,次,2120,1910,1700
330803025,体外人工膜肺(ECMO),体外膜肺氧合[ECMO],小时,125,115,100
330803026,左右心室辅助循环,左心室辅助系统置入术[LVAD置入术]，右心室辅助系统置入术[RVAD置入术],小时,125,115,100
330803027,体外循环心脏不停跳心内直视手术,体外循环辅助开放性心脏手术,次,待定,,
330803029,心脏术后感染伤口清创引流术,伤口、感染或烧伤的非切除性清创术,次,530,475,425
330804001,无名动脉瘤切除术,头臂干动脉瘤切除[无名动脉瘤切除术],次,4410,3970,3530
330804002,颈静脉瘤成形术,颈静脉瘤切除术,次,2270,2040,1820
330804004,颈动脉海绵窦栓塞＋结扎术,经导管颈内动脉海绵窦瘘栓塞术,次,2120,1910,1700
330804005,颈动脉瘤切除＋血管移植术,颈动脉瘤切除术,次,4590,4130,3670
330804006,颈动脉体瘤切除＋血管移植术,颈动脉瘤切除术,次,5250,4730,4200
330804007,颈动脉腋动脉血管移植术,颈总动脉切除伴自体血管移植术,次,3890,3500,3110
330804009,带瓣全程主动脉人工血管置换术,全主动脉人工血管置换术,次,6700,6030,5360
330804010,全程主动脉人工血管置换术,全主动脉人工血管置换术,次,9180,8260,7340
330804013,肠系膜上动脉取栓＋移植术,肠系膜动脉取栓术,次,4410,3970,3530
330804034,肠腔静脉“H”型架桥转流术,肠系膜静脉-腔静脉吻合术？,次,3890,3500,3110
330804041,股腘动脉人工自体血管移植术,股动脉-腘动脉搭桥术,次,3170,2850,2540
330804043,肢体动静脉切开取栓术,"上肢静脉取栓术，上肢动脉取栓术，
下肢静脉血栓切除术，下肢动脉血栓切除术","每个
切口",1720,1550,1380
330804044,上肢血管探查术,上肢血管切开探查术,次,1580,1420,1260
330804046,肢体动脉瘤切除＋血管移植术,肱动脉瘤切除伴自体血管移植术,次,4200,3780,3360
330804052,先天性动静脉瘘栓塞＋切除术,动静脉瘘栓塞术、动静脉瘘切除术,次,2820,2540,2260
330804054,动静脉人工内瘘成形术,人工动静脉瘘修补术,次,1320,1190,1060
330804056,人工动静脉瘘切除重造术,人工动静脉瘘切除术,次,2820,2540,2260
330804057,外伤性动静脉瘘修补术＋血管移植术,动静脉瘘修补术,次,3890,3500,3110
330804058,股静脉带戒术,股静脉环缩术,次,2820,2540,2260
330804059,经血管镜股静脉瓣修复术,股静脉瓣膜环缩术,次,2820,2540,2260
330804062,大隐静脉高位结扎＋剥脱术,大隐静脉高位结扎和剥脱术,单侧,1840,1660,1470
330804065,大网膜游离移植术,大网膜内移植术,次,2470,2220,1980
330804068,锁骨下动脉搭桥术,锁骨下动脉-锁骨下动脉搭桥术,,,,
330804068a,开胸,开胸探查术,次,4590,4130,3670
330804070,大隐静脉闭合术,大隐静脉主干激光闭合术,次,2650,2390,2120
330900002,体表淋巴结摘除术,淋巴结切除术,"每个
部位",380,340,305
330900003,颈淋巴结清扫术,颈淋巴结切除术,次,2820,2540,2260
330900004,腋窝淋巴结清扫术,腋淋巴结切除术,次,2270,2040,1820
330900005,腹股沟淋巴结清扫术,腹股沟淋巴结清扫术,单侧,2470,2220,1980
330900006,经腹腔镜盆腔淋巴结清扫术,腹腔镜盆腔淋巴结清扫术,次,3000,2700,2400
330900007,经腹腔镜盆腔淋巴结活检术,腹腔镜下淋巴结活检术,次,1980,1780,1580
330900008,髂腹股沟淋巴结清扫术,腹股沟淋巴结切除术,单侧,2120,1910,1700
330900009,胸导管结扎术,胸导管结扎术,次,2650,2390,2120
330900010,经胸腔镜内乳淋巴链清除朮,内乳淋巴结清扫术,次,2120,1910,1700
330900011,颈静脉胸导管吻合术,胸导管颈内静脉吻合术,次,2820,2540,2260
330900013,肢体淋巴管-静脉吻合术,周围淋巴管-小静脉吻合术,每支吻合血管,1060,955,850
330900016,脾部分切除术,部分脾切除术,次,2780,2500,2220
330900017,脾修补术,脾修补术,次,2780,2500,2220
330900018,脾切除术,部分脾切除术,次,2610,2350,2090
330900019,脾切除自体脾移植术,脾移植术,次,待定,,
330900020,异体脾脏移植术,脾移植术,次,待定,,
330900021,前哨淋巴结探查术,前哨淋巴结活组织检查,次,1130,1020,900
331001001,颈侧切开食道异物取出术,食管切开异物取出术,次,1760,1580,1410
331001002,食管破裂修补术,食管裂伤缝合术,次,3320,2990,2660
331001003,食管瘘清创术,食管瘘修补术,次,3320,2990,2660
331001004,食管良性肿物切除术,食管病损切除术,次,2670,2400,2140
331001005,先天性食管囊肿切除术,食管病损切除术,次,3280,2950,2620
331001006,食管憩室切除术,食管憩室切除术,次,3280,2950,2620
331001007,食管狭窄切除吻合术,食管吻合口狭窄修补术,次,3890,3500,3110
331001009,食管闭锁造瘘术,食管造口术,次,3320,2990,2660
331001015,颈段食管切除术,部分食管切除术,次,4380,3940,3500
331001016,食管胃吻合口狭窄切开成形术,食管吻合口狭窄修补术,次,4380,3940,3500
331001020,"游离空肠代食管术
胃结肠代食管术",胸内空肠代食管术，胸内结肠代食管术,次,8820,7940,7060
331001021,贲门痉挛(失弛缓症)肌层切开术,食管贲门肌层切开术,次,2800,2520,2240
331001022,贲门癌切除术,贲门部分切除伴食管-胃吻合术,次,4380,3940,3500
331001023,贲门癌扩大根治术,贲门部分切除伴食管-胃吻合术,次,5250,4730,4200
331002002,胃出血切开缝扎止血术,胃切开止血术,次,2960,2660,2370
331002003,近端胃大部切除术,胃部分切除术,次,3890,3500,3110
331002004,远端胃大部切除术,胃部分切除术,次,2800,2520,2240
331002007,胃癌姑息切除术,胃病损切除术,次,2670,2400,2140
331002008,全胃切除术,全胃切除术,次,4940,4450,3950
331002009,胃肠造瘘术,内镜下经皮胃-空肠造瘘术,次,1320,1190,1060
331002010,胃扭转复位术,胃扭转复位术,次,1130,1020,905
331002011,胃肠穿孔修补术,胃溃疡穿孔修补术，肠穿孔修补术,次,1980,1780,1580
331002013,胃迷走神经切断术,迷走神经切断术,次,2390,2150,1910
331002014,幽门成形术,幽门成形术,次,1580,1420,1260
331002016,胃减容术,垂直绑带式胃减容术(VGB),次,4410,3970,3530
331003001,十二指肠憩室切除术,十二指肠憩室切除术,次,3350,3010,2680
331003002,十二指肠成形术,十二指肠成形术,次,2820,2540,2260
331003003,壶腹部肿瘤局部切除术,法特氏壶腹病损切除术,次,3840,3460,3070
331003005,小儿原发性肠套叠手术复位,肠套叠复位术,次,1760,1580,1410
331003006,肠扭转肠套叠复位术,小肠扭转复位术，肠套叠复位术,次,2120,1910,1700
331003008,肠粘连松解术,肠粘连松解术,次,2120,1910,1700
331003010,小肠移植术,自体小肠移植术,次,待定,,
331003011,肠造瘘还纳术,空肠造口还纳术,次,1980,1780,1580
331003012,肠瘘切除术,小肠腹壁瘘切除术,次,2120,1910,1700
331003013,肠排列术(固定术),小肠排列术,次,2650,2390,2120
331003017,结肠造瘘(Colostomy)术,结肠造口术,次,2120,1910,1700
331003018,全结肠切除吻合术,全结肠直肠(包括肛门)切除术,次,4380,3940,3500
331003019,先天性巨结肠切除术,巨结肠切除术,次,3840,3460,3070
331003022,阑尾切除术,阑尾切除术,次,1320,1190,1060
331003023,肠吻合术,肠吻合术,次,2120,1910,1700
331004001,直肠出血缝扎术,内镜下直肠出血止血术,次,790,710,630
331004002,直肠良性肿物切除术,直肠病损切除术,次,1390,1250,1110
331004003,经内镜直肠良性肿物切除术,内镜下直肠病损切除术,次,1410,1270,1130
331004004,直肠狭窄扩张术,直肠狭窄切开术,次,680,610,545
331004010,经骶尾部直肠癌切除术,经骶尾直肠病损切除术,次,4730,4260,3780
331004011,经腹会阴直肠癌根治术(Miles手术),腹会阴直肠切除术、开放性腹会阴直肠切除术、肛提肌外腹会阴直肠联合切除术、其他腹会阴直肠切除术,次,4900,4410,3920
331004012,经腹直肠癌根治术(Dixon手术),直肠前切除术、低位直肠前切除术、超低位直肠前切除术,次,4550,4100,3640
331004015,直肠脱垂悬吊术,直肠脱垂悬吊术,次,1700,1530,1360
331004016,经肛门直肠脱垂手术,直肠脱垂手法复位术,次,1130,1020,905
331004018,直肠粘膜环切术,直肠黏膜下环切术、经肛门直肠黏膜环切术,次,1280,1150,1020
331004021,低位肛瘘切除术,肛瘘结扎术,次,530,475,425
331004022,高位肛瘘切除术,肛瘘结扎术,次,790,710,630
331004025,肛门内括约肌侧切术,肛门括约肌切开术,次,925,835,740
331004026,肛门成形术,肛门成形术,次,1950,1760,1560
331004027,腹会阴肛门成形术,经会阴肛门成形术,次,2100,1890,1680
331004028,尾路肛门成形术,肛门成形术,次,1950,1760,1560
331004029,会阴肛门成形术,经会阴肛门成形术,次,1950,1760,1560
331004032,肛门括约肌再造术,肛门括约肌成形术,次,850,765,680
331004033,肛管皮肤移植术,肛管皮肤移植术,次,1130,1020,905
331004035,经肛门内窥镜微创手术,经肛门内镜下直肠病变微创手术[TEM],次,1350,1215,1080
331005003,经腹腔镜肝脓肿引流术,腹腔镜下肝脓肿切开引流术,次,1700,1530,1360
331005005,经腹腔镜肝囊肿切除术,腹腔镜下肝病损切除术,次,3530,3180,2820
331005006,肝内病灶清除术,肝病损切除术,次,2270,2040,1820
331005008,开腹肝动脉化疗泵置放术,化疗泵置入术,次,1420,1280,1140
331005011,开腹肝动脉栓塞术,经导管肝动脉栓塞术,次,1420,1280,1140
331005013,肝部分切除术,部分肝切除术,次,3150,2840,2520
331005014,肝左外叶切除术,肝叶切除术,次,3500,3150,2800
331005015,半肝切除术,右半肝切除术，左半肝切除术,次,5080,4570,4060
331005016,肝三叶切除术,肝叶切除术,次,4940,4450,3950
331005018,肝移植术,自体肝移植术,次,14110,12700,11290
331005019,移植肝切除术+再移植术,同种异体原位肝移植术,次,17640,15880,14110
331005021,肝门部肿瘤支架管外引流术,内镜下胆道内支架成形术,次,4410,3970,3530
331005022,肝内胆管U形管引流术,肝内胆管引流术,次,3530,3180,2820
331005023,肝内异物取出术,腹腔镜下肝异物去除术,次,3170,2850,2540
331005024,肝实质切开取石术,肝管切开取石术,次,3530,3180,2820
331006001,胆囊肠吻合术,胆囊肠吻合术,次,3000,2700,2400
331006002,胆囊切除术,胆囊切除术,次,1790,1610,1430
331006003,胆囊造瘘术,胆囊造口术,次,1320,1190,1060
331006004,高位胆管癌根治术,胆管病损切除术,次,5430,4890,4340
331006007,肝动脉结扎术,肝动脉结扎术,次,1760,1580,1410
331006008,胆管修补成形术,胆管修补术,次,3500,3150,2800
331006009,胆总管囊肿外引流术,胆总管切开引流术,次,1450,1310,1160
331006011,胆总管探查T管引流术,胆总管探查术+胆总管切开引流术,次,2550,2300,2040
331006012,胆总管探查T管引流术,胆总管探查术+胆总管切开引流术,次,2550,2300,2040
331006017,开腹经胆道镜取石术,胆道镜下胆管取石术,次,2800,2520,2240
331007001,胰腺穿刺术,胰腺穿刺活检,次,1190,1070,950
331007002,胰腺修补术,胰腺修补术,次,2100,1890,1680
331007003,胰腺囊肿内引流术,胰囊肿内引流术,次,2240,2020,1790
331007004,胰腺囊肿外引流术,胰腺囊肿引流术,次,1700,1530,1360
331007005,胰管切开取石术,胰管括约肌切开取石术,次,3520,3170,2820
331007006,胰十二指肠切除术（Whipple手术）,腹腔镜下胰十二指肠切除术,次,5960,5360,4770
331007007,胰体尾切除术,胰体尾切除术,次,4550,4100,3640
331007008,全胰腺切除术,全胰切除术,次,5610,5050,4490
331007012,胰腺假性囊肿内引流术,胰腺囊肿引流术,次,2800,2520,2240
331007014,异体供胰切除术,异位胰腺切除术,次,待定,,
331007015,胰腺移植术,胰腺移植,次,待定,,
331007016,异位异体移植胰腺切除术,异位胰腺切除术,次,待定,,
331007017,胰岛细胞移植术,胰岛细胞移植,次,待定,,
331007018,胰腺周围神经切除术,周围神经切除术,次,3530,3180,2820
331008001,腹股沟疝修补术,单侧腹股沟疝修补术，双侧腹股沟疝修补术,单侧,1320,1190,1060
331008003,充填式无张力疝修补术,腹壁切口疝无张力修补术,单侧,1320,1190,1060
331008004,脐疝修补术,脐疝修补术,次,1320,1190,1060
331008005,腹壁切口疝修补术,腹壁切口疝无张力修补术,次,2550,2300,2040
331008006,会阴疝修补术,会阴疝无张力修补术,次,1560,1400,1250
331008007,脐瘘切除+修补术,脐肠瘘切除术,次,1420,1280,1140
331008008,剖腹探查术,开腹探查术,次,1580,1420,1260
331008009,开腹腹腔内脓肿引流术,腹腔脓肿切开引流术,次,1700,1530,1360
331008011,腹腔窦道扩创术,腹壁窦道扩创术,次,1450,1310,1160
331008012,腹腔内肿物切除术,腹腔病损切除术,次,2120,1910,1700
331008015,腹膜后肿瘤切除术,腹膜后病损切除术,次,3500,3150,2800
331008017,腹壁肿瘤切除术,腹壁病损切除术,次,1280,1150,1020
331008018,腹壁整形术,腹壁整形术,次,2120,1910,1700
331008019,脐整形术,脐整形术,次,2120,1910,1700
331008020,先天性脐膨出修补术,脐膨出修补术,次,1700,1530,1360
331008021,先天性腹壁裂修补术,腹壁裂伤缝合术,次,2120,1910,1700
331008022,腹壁缺损修复术,腹壁裂伤缝合术,次,1420,1280,1140
331008023,门静脉切开取栓术,门静脉取栓术,次,3500,3150,2800
331008027,经胸食管胃静脉结扎术,内镜下胃静脉曲张结扎术,次,4230,3810,3380
331101001,肾破裂修补术,肾裂伤修补术,次,2270,2040,1820
331101002,肾固定术,肾固定术,次,2270,2040,1820
331101003,肾折叠术,肾折叠术,次,1670,1500,1340
331101004,肾包膜剥脱术,肾包膜剥脱术,次,1280,1150,1020
331101005,肾周围淋巴管剥脱术,肾周围淋巴管剥脱术,次,2380,2140,1900
331101006,肾周围粘连分解术,肾周围粘连松解术,次,1980,1780,1580
331101008,肾切除术,单侧肾切除术，双侧肾切除术,次,2270,2040,1820
331101009,肾部分切除术,部分肾切除术,次,3170,2850,2540
331101012,融合肾分解术,融合肾离断术,次,3530,3180,2820
331101013,肾实质切开造瘘术,肾造口术,次,1940,1750,1550
331101014,肾囊肿切除术,肾囊肿切除术,次,2290,2060,1830
331101016,肾切开取石术,肾切开取石术,次,2820,2540,2260
331101018,自体肾移植术,自体肾移植术,次,6170,5550,4940
331101019,异体肾移植术,肾异体移植术,次,6350,5720,5080
331101020,异体供肾取肾术,供肾取肾术,次,2700,2430,2160
331101021,供体肾修复术,供体肾修整术,次,850,770,680
331101022,移植肾探查术,移植肾探查术,次,2550,2300,2040
331101023,移植肾肾周血肿清除术,肾血肿清除术,次,2270,2040,1820
331101024,离体肾取石术,肾切开取石术,次,5650,5090,4520
331102002,肾盂成形肾盂输尿管再吻合术,腹腔镜下肾盂输尿管吻合术,次,2550,2300,2040
331102004,肾下盏输尿管吻合术,腹腔镜下肾盏-输尿管吻合术,次,3710,3340,2970
331102005,肾盂输尿管成形术,肾盂输尿管成形术,次,2820,2540,2260
331102006,肾盂输尿管成形术,肾盂输尿管成形术,次,2400,2160,1920
331102007,输尿管切开取石术,输尿管切开取石术,次,2120,1910,1700
331102008,输尿管损伤修补术,输尿管裂伤缝合术,次,2120,1910,1700
331102010,输尿管开口囊肿切除术,输尿管口囊肿切除术,次,1840,1660,1470
331102011,输尿管残端切除术,腹腔镜下输尿管残端切除术,次,1700,1530,1360
331102013,输尿管皮肤造口术,回肠输尿管皮肤造口术,次,2120,1910,1700
331102014,输尿管乙状结肠吻合术,输尿管-乙状结肠吻合术,次,2270,2040,1820
331102015,输尿管松解术,输尿管狭窄松解术,次,2470,2220,1980
331102018,肠管代输尿管术,肠管代输尿管术,次,3890,3500,3110
331102019,膀胱瓣代输尿管术,膀胱瓣代输尿管术,次,2700,2430,2160
331102020,输尿管肿瘤切除术,输尿管病损切除术,次,新增项目,,
331103001,膀胱切开取石术,膀胱切开取石术,次,1320,1190,1060
331103002,膀胱憩室切除术,膀胱憩室切除术,次,1840,1660,1470
331103003,膀胱部分切除术,部分膀胱切除术,次,2120,1910,1700
331103005,膀胱造瘘术,膀胱造口术,次,1190,1070,950
331103006,根治性膀胱全切除术,根治性膀胱切除术,次,4380,3940,3500
331103007,膀胱尿道全切除术,膀胱尿道全切除术,次,4730,4260,3780
331103010,可控性回肠膀胱术,可控回肠膀胱术,次,1940,1750,1550
331103011,回肠扩大膀胱术,回肠浆肌层膀胱扩大术,次,3170,2850,2540
331103013,胃代膀胱术,胃代膀胱术,次,3530,3180,2820
331103015,膀胱瘘管切除术,膀胱瘘修补术,次,1700,1530,1360
331103016,膀胱破裂修补术,膀胱裂伤缝合术,次,1850,1670,1480
331103017,膀胱膨出修补术,膀胱膨出修补术,次,2270,2040,1820
331103018,膀胱外翻成形术,膀胱外翻修补术,次,2270,2040,1820
331103019,膀胱阴道瘘修补术,膀胱阴道瘘修补术,次,3530,3180,2820
331103020,膀胱颈部Y—V成形术,膀胱颈V-Y型成形术,次,1980,1780,1580
331103021,膀胱颈重建术,膀胱颈重建术,次,1980,1780,1580
331103022,膀胱颈悬吊术,膀胱颈悬吊术,次,2120,1910,1700
331103024,脐尿管瘘切除术,膀胱脐尿管瘘切除术,次,1980,1780,1580
331103025,经膀胱镜膀胱颈电切术,经尿道膀胱颈电切术,次,3170,2850,2540
331103027,经尿道膀胱碎石取石术,经尿道膀胱镜膀胱碎石钳碎石术,次,2840,2560,2270
331103028,脐尿管肿瘤切除术,脐尿管病损切除术,次,2550,2300,2040
331104001,尿道修补术,尿道修补术,次,2270,2040,1820
331104002,尿道折叠术,尿道折叠术,次,1420,1280,1140
331104003,尿道会师术,尿道会师术,次,1700,1530,1360
331104004,前尿道吻合术,尿道吻合术,次,1840,1660,1470
331104005,尿道切开取石术,尿道切开取石术,次,1420,1280,1140
331104006,尿道瓣膜电切术,膀胱镜下后尿道瓣膜电切术,次,1840,1660,1470
331104007,尿道狭窄瘢痕切除术,尿道狭窄切除术,次,2120,1910,1700
331104008,尿道良性肿物切除术,尿道病损切除术,次,1320,1190,1060
331104009,尿道憩室切除术,膀胱憩室切除术,次,1560,1400,1250
331104010,尿道旁腺囊肿摘除术,尿道旁腺病损切除术,次,1390,1250,1110
331104012,重复尿道切除术,尿道切除术,次,1980,1780,1580
331104013,尿道重建术,尿道其他重建术,次,2270,2040,1820
331104014,尿道阴道瘘修补术,尿道阴道瘘修补术,次,2550,2300,2040
331104015,尿道直肠瘘修补术,尿道直肠瘘修补术,次,2550,2300,2040
331104016,会阴阴囊皮瓣尿道成型术,会阴阴囊皮瓣尿道成形术,次,1390,1250,1110
331104017,尿道会阴造口术,尿道会阴造口术,次,1700,1530,1360
331104018,尿道瘘修补术,尿道瘘修补术,次,1720,1550,1380
331104019,尿道瓣膜切除成形术,尿道瓣膜切除术,次,1700,1530,1360
331104021,尿道外口整形术,尿道口成形术,次,1060,950,850
331104023,尿道下裂Ⅰ期成形术,尿道下裂Ⅰ期成形术,次,2120,1910,1700
331104024,尿道下裂Ⅱ期成形术,尿道下裂Ⅱ期成形术,次,2120,1910,1700
331104025,尿道下裂阴茎下弯矫治术,尿道下裂修补术,次,1700,1530,1360
331104026,尿道下裂修复术,尿道下裂修补术,次,2270,2040,1820
331104027,尿道上裂修复术,尿道上裂修补术,次,2270,2040,1820
331201002,耻骨上前列腺切除术,耻骨上前列腺切除术,次,2270,2040,1820
331201003,耻骨后前列腺切除术,耻骨后前列腺切除术,次,2270,2040,1820
331201005,前列腺脓肿切开术,前列腺脓肿引流术,次,1420,1280,1140
331201006,经尿道前列腺电切术,经尿道前列腺等离子电切术,次,3170,2850,2540
331201009,精囊肿物切除术,精囊囊肿切除术,次,2270,2040,1820
331202002,阴囊脓肿引流术,阴囊切开引流术,次,595,535,475
331202004,阴囊肿物切除术,阴囊病损切除术,次,630,570,505
331202006,睾丸鞘膜翻转术,睾丸鞘膜翻转术,单侧,1420,1280,1140
331202007,交通性鞘膜积液修补术,睾丸鞘膜积液切除术,单侧,1420,1280,1140
331202008,睾丸附件扭转探查术,睾丸附件扭转复位术,单侧,1190,1070,950
331202010,睾丸固定术,睾丸固定术,单侧,1420,1280,1140
331202011,睾丸切除术,单侧睾丸切除术，双侧睾丸切除术,单侧,790,710,630
331202013,自体睾丸移植术,睾丸移植术,次,3890,3500,3110
331202014,经腹腔镜隐睾探查术,腹腔镜下隐睾探查术,单侧,2120,1910,1700
331202015,两性畸型剖腹探查术,开腹探查术,次,2120,1910,1700
331203001,附睾切除术,附睾切除术,次,1060,955,850
331203002,输精管附睾吻合术,附睾输精管吻合术,单侧,1420,1280,1140
331203004,精索静脉瘤切除术,精索病损切除术,次,1130,1020,900
331203006,精索静脉曲张高位结扎术,精索静脉高位结扎术,单侧,1130,1020,905
331203008,输精管结扎术,输精管结扎术,次,630,570,500
331203009,输精管粘堵术,输精管结扎术,次,660,595,530
331203010,输精管痛性结节切除术,输精管病损切除术,次,660,595,530
331203011,输精管吻合术,输精管吻合术,单侧,1060,955,850
331203013,经尿道射精管切开术,经尿道射精管切开术,次,850,765,680
331203014,血管多普勒显微镜精索静脉结扎术,精索静脉高位结扎术,次,新增项目,,
331204002,包皮环切术,包皮环切术,次,630,565,505
331204005,阴茎再植术,阴茎再植术,次,3170,2850,2540
331204006,阴茎囊肿切除术,阴茎病损切除术,次,790,710,630
331204007,阴茎部分切除术,阴茎部分切除术,次,1560,1400,1250
331204008,阴茎全切术,阴茎全部切除术,次,1840,1660,1470
331204010,阴茎重建成形术,阴茎重建术,次,3170,2850,2540
331204011,阴茎再造术,阴茎再植术,次,3500,3150,2800
331204012,阴茎假体置放术,膨胀性阴茎假体置入术,次,2960,2660,2370
331204014,阴茎延长术,阴茎延长术,次,价格放开,,
331204017,阴茎血管重建术,阴茎重建术,次,1060,955,850
331204018,阴茎海绵体分离术,阴茎海绵体分流术,次,1560,1400,1250
331204019,阴茎静脉结扎术,阴茎静脉结扎术,次,1280,1150,1020
331301001,经阴道卵巢囊肿穿刺术,经阴道卵巢囊肿穿刺术,单侧,715,645,570
331301002,卵巢囊肿剔除术,卵巢脓肿切开引流术,单侧,1420,1280,1140
331301003,卵巢修补术,卵巢其他修补术,单侧,1420,1280,1140
331301004,卵巢楔形切除术,卵巢楔形切除术,单侧,1320,1190,1060
331301005,卵巢切除术,单侧卵巢切除术，双侧卵巢切除术,单侧,1320,1190,1060
331301007,卵巢癌探查术,卵巢切开探查术,次,1420,1280,1140
331301008,卵巢输卵管切除术,双侧输卵管切除术,单侧,1420,1280,1140
331301010,卵巢移植术,卵巢移植术,单侧,4550,4100,3640
331302001,输卵管结扎术,双侧输卵管结扎术、单侧输卵管结扎术,次,790,710,630
331302002,显微外科输卵管吻合术,输卵管输卵管吻合术,次,1950,1760,1560
331302004,输卵管切除术,双侧输卵管切除术、经阴道单侧输卵管切除术、经阴道双侧输卵管切除术、单侧输卵管全部切除术,次,1320,1190,1060
331302005,输卵管移植术,输卵管移植术,次,2800,2520,2240
331302009,输卵管宫角植入术,输卵管子宫角植入术,次,1950,1760,1560
331303001,宫颈息肉切除术,子宫颈病损切除术、子宫内膜病损切除术,次,255,230,205
331303002,宫颈肌瘤剔除术,子宫颈肌瘤切除术,次,2120,1910,1700
331303004,宫颈锥形切除术,子宫颈锥形切除术,次,1300,1170,1040
331303005,宫颈环形电切术,子宫颈环形电切术,次,1270,1140,1020
331303008,曼氏手术,子宫颈部分切除术（阴式）[曼氏手术],次,1950,1760,1560
331303010,子宫修补术,子宫修补术,次,1320,1190,1060
331303011,经腹子宫肌瘤剔除术,子宫肌瘤切除术,次,2650,2390,2120
331303012,子宫次全切除术,子宫次全切除术,次,2120,1910,1700
331303013,阴式全子宫切除术,腹腔镜经腹全子宫切除术,次,2960,2660,2370
331303014,腹式全子宫切除术,腹腔镜经腹全子宫切除术,次,2100,1890,1680
331303015,全子宫+双附件切除术,经腹全子宫切除术+双侧输卵管卵巢切除术,次,2240,2020,1790
331303016,次广泛子宫切除术,子宫次广泛切除术+双侧输卵管卵巢切除术,次,2820,2540,2260
331303017,广泛性子宫切除+盆腹腔淋巴结清除术,子宫广泛性切除术+盆腔淋巴结清扫术+双侧输卵管卵巢切除术,次,5290,4760,4230
331303020,开腹取环术,取出子宫内避孕装置,次,1420,1280,1140
331303022,子宫动脉结扎术,子宫动脉结扎术,次,1130,1020,905
331303023,子宫悬吊术,腹腔镜子宫悬吊术,次,1320,1190,1060
331303024,子宫内翻复位术,内翻子宫手法复位,次,1420,1280,1140
331303025,盆腔巨大肿瘤切除术,盆腔病损切除术,次,2780,2500,2220
331303026,阔韧带内肿瘤切除术,阔韧带病损切除术,次,2240,2020,1790
331303030,宫颈悬吊术,子宫颈悬吊术,次,1280,1150,1020
331303031,子宫内膜异位病灶切除术,子宫内膜病损切除术,次,新增项目,,
331303032,子宫瘢痕憩室修补术,子宫瘢痕妊娠清除术,次,新增项目,,
331303033,宫腔镜瘢痕妊娠病灶电切术,宫腔镜下子宫瘢痕妊娠清除术,次,新增项目,,
331304001,阴道异物取出术,阴道内异物去除,次,1280,1150,1020
331304002,阴道裂伤缝合术,阴道裂伤缝合术,次,1190,1070,950
331304003,阴道扩张术,阴道扩张术,次,530,475,425
331304004,阴道疤痕切除术,阴道病损切除术,次,1030,925,825
331304006,阴道闭锁切开术,阴道闭锁切开术,次,1130,1020,905
331304007,阴道良性肿物切除术,阴道病损切除术,次,1060,955,850
331304008,阴道成形术,阴道成形术,次,3530,3180,2820
331304009,阴道直肠瘘修补术,膀胱阴道直肠瘘修补术,次,2650,2390,2120
331304011,阴道前后壁修补术,阴道前后壁修补术,次,1690,1520,1350
331304013,后穹窿损伤缝合术,后穹窿裂伤缝合术,次,1280,1150,1020
331304015,全阴道切除术,阴道切除术,次,3530,3180,2820
331305001,外阴损伤缝合术,外阴裂伤缝合术,次,890,800,710
331305002,陈旧性会阴裂伤修补术,会阴裂伤缝合术,次,1100,990,880
331305003,陈旧性会阴Ⅲ度裂伤缝合术,会阴裂伤缝合术,次,2120,1910,1700
331305004,外阴脓肿切开引流术,外阴切开引流术,次,610,550,490
331305005,外阴良性肿物切除术,外阴病损切除术,次,1060,955,850
331305006,阴蒂肥大整复术,阴蒂手术,次,价格放开,,
331305007,阴蒂短缩成型术,阴蒂成形术,次,850,765,680
331305008,单纯性外阴切除术,外阴单纯切除术,次,1420,1280,1140
331305009,外阴局部扩大切除术,外阴根治性局部扩大切除术,次,1180,1060,945
331305010,外阴广泛切除+淋巴结清除术,外阴广泛性切除术,次,4940,4450,3950
331305012,前庭大腺囊肿造口术,前庭大腺造口术,次,790,710,630
331305013,前庭大腺囊肿切除术,前庭大腺囊肿切开术,次,790,710,630
331305014,处女膜切开术,处女膜切开术,次,395,355,315
331305015,处女膜修复术,处女膜缝合术,次,价格放开,,
331305017,变性术,变性手术(男变女),次,7940,7150,6350
331306001,经腹腔镜取卵术,腹腔镜下卵巢穿刺取卵术,次,2840,2560,2270
331306002,经腹腔镜盆腔粘连分离术,腹腔镜下盆腔粘连松解术,次,1700,1530,1360
331306003,宫腔镜检查,宫腔镜检查,次,490,440,390
331306004,经宫腔镜取环术,宫腔镜子宫内避孕器取出术,次,790,710,630
331306008,经宫腔镜子宫肌瘤切除术,宫腔镜子宫病损切除术,次,2120,1910,1700
331306009,经宫腔镜子宫内膜剥离术,宫腔镜子宫内膜切除术,次,2120,1910,1700
331400001,人工破膜术,人工破膜引产,次,125,115,100
331400008,外倒转术,胎位外倒转术,次,255,230,205
331400009,内倒转术,内倒转助产,次,395,355,315
331400010,手取胎盘术,手取胎盘,次,200,180,160
331400012,剖宫产术,古典式剖宫产,次,1260,1130,1010
331400016,腹腔妊娠取胎术,腹腔妊娠剖宫产术,次,1250,1120,1000
331400017,选择性减胎术,选择性减胎术,次,价格放开,,
331400018,子宫颈裂伤修补术,子宫颈裂伤缝合术,次,265,240,210
331400019,子宫颈管环扎术 (Mc-Donald),子宫颈环扎术[McDonald手术],次,1060,955,850
331501004,胸椎肿瘤切除术,胸椎病损切除术,次,4280,3850,3420
331501006,前路腰椎肿瘤切除术,腰椎病损切除术,次,4280,3850,3420
331501011,骶骨肿瘤骶骨部分切除术,骶骨部分切除术,次,4280,3850,3420
331501013,骶骨肿瘤骶骨全切除及骶骨重建术,骶骨全部切除术,次,4730,4260,3780
331501015,半骨盆切除术,半侧骨盆截断术,次,4940,4450,3950
331501017,髂窝脓肿切开引流术,髂窝脓肿切开引流术,次,1000,900,800
331501019,颈椎间盘切除术,颈椎间盘切除术,次,2960,2660,2370
331501024,后入路环枢椎植骨融合术,寰-枢椎再融合术，后入路,次,3890,3500,3110
331501025,后入路环枢减压植骨融合固定术,颈后入路寰枢椎复位内固定术,次,4280,3850,3420
331501029,胸椎融合术,胸椎融合术，后入路,次,4200,3780,3360
331501032,胸腰椎骨折切开复位内固定术,胸椎骨折切开复位内固定术,次,4550,4100,3640
331501033,经胸腹联合切口胸椎间盘切除术,椎间盘切除术,次,3840,3460,3070
331501036,椎管扩大减压术,椎板切开减压术,每节,4230,3810,3380
331501037,椎管扩大成形术,椎管扩大成形术，单开门，椎管扩大成形术，双开门,次,3500,3150,2800
331501039,经皮激光腰椎间盘摘除术,腰椎间盘切除术,次,2120,1910,1700
331501040,后路腰椎间盘镜椎间盘髓核摘除术(MED),经皮腰椎间盘髓核切吸术,每节,3530,3180,2820
331501046,骨盆骨折切开复位内固定术,骨盆骨折切开复位螺钉内固定术,次,4940,4450,3950
331501054,脊柱内固定物取出术,脊柱内固定装置去除术,次,1980,1780,1580
331501055,滑板椎弓根钉复位植骨内固定术,经皮椎弓根钉内固定术,次,3840,3460,3070
331501056,经皮穿刺颈腰椎间盘切除术,椎间盘切除术,"每节
间盘",1420,1280,1140
331501057,人工椎间盘植入术,人工椎间盘置换,次,3170,2850,2540
331501060,人工椎体置换术,人工椎间盘置换,每椎体,4410,3970,3530
331501061,腰椎间盘镜下纤维环缝合术,腰椎间盘纤维环缝合术,次,新增项目,,
331501065,斜外侧入路椎间融合术,前外侧入路胸腰椎融合术,次,新增项目,,
331502002,臂丛神经损伤神经探查松解术,臂丛神经松解术,次,2960,2660,2370
331502003,臂丛神经损伤游离神经移植术,异体神经移植修复臂丛神经术,次,3320,2990,2660
331502008,神经瘤切除术,交感神经瘤切除术,次,2120,1910,1700
331502009,周围神经嵌压松解术,周围神经松解术,次,1390,1250,1110
331502010,坐骨神经松解术,坐骨神经松解术,次,2120,1910,1700
331502011,闭孔神经切断术,闭孔神经切断术,次,1390,1250,1110
331502012,闭孔神经内收肌切断术,闭孔神经切断术,次,1690,1520,1350
331502015,骶神经松解减压术,骶神经松解术,次,新增项目,,
331503001,肩胛骨肿瘤肩胛骨全切除重建术,肩胛骨，锁骨和胸廓［肋骨和胸骨］全部切除术,次,4230,3810,3380
331503002,锁骨肿瘤锁骨全切除术,锁骨全部切除术,次,2550,2300,2040
331503003,肱骨肿瘤切除及骨重建术,肱骨全部切除术,次,4940,4450,3950
331503006,髂骨翼肿瘤切除术,髂骨病损切除术,次,2550,2300,2040
331503007,髌骨肿瘤截除术,髂骨病损切除术,次,1740,1570,1390
331503008,耻骨与坐骨肿瘤切除术,坐骨耻骨切开术,次,2380,2140,1900
331503009,股骨上端肿瘤切除人工股骨头置换术,人工股骨头置换术,次,4940,4450,3950
331503010,股骨干肿瘤全股骨切除人工股骨置换术,人工股骨头置换术,次,4940,4450,3950
331503011,股骨干肿瘤段切除与重建术,股骨病损切除术,次,4280,3850,3420
331503018,跟骨肿瘤病灶刮除术,跟骨病损切除术,次,1250,1120,1000
331503020,坐骨结节囊肿摘除术,坐骨病损切除术,次,1980,1780,1580
331504002,骶髂关节结核病灶清除术,骶髂关节病损切除术,次,2380,2140,1900
331504003,髋关节结核病灶清除术,髋关节病损切除术,次,2380,2140,1900
331504004,膝关节结核病灶清除术,膝关节病损切除术,次,2380,2140,1900
331504005,踝关节结核病灶清除+关节融合术,踝关节病损切除术,次,2380,2140,1900
331505001,锁骨骨折切开复位内固定术,锁骨骨折切开复位内固定术,次,1300,1170,1040
331505002,肱骨近端骨折切开复位内固定术,肱骨骨折切开复位内固定术,次,1820,1640,1460
331505003,肱骨干骨折切开复位内固定术,肱骨骨折切开复位内固定术,次,1450,1310,1160
331505004,肱骨骨折切开复位内固定术,肱骨骨折切开复位内固定术,次,1700,1530,1360
331505005,肱骨内外髁骨折切开复位内固定术,肱骨骨折切开复位内固定术,次,1840,1660,1470
331505006,尺骨鹰嘴骨折切开复位内固定术,尺骨骨折切开复位钢板内固定术,次,1300,1170,1040
331505007,桡骨头切除术,桡骨头切除术,次,1060,955,850
331505008,桡骨头骨折切开复位内固定术,桡骨骨折切开复位内固定术,次,1420,1280,1140
331505010,桡尺骨干骨折切开复位内固定术,桡骨骨折切开复位内固定术,次,1980,1780,1580
331505013,股骨颈骨折闭合复位内固定术,股骨骨折闭合性复位术伴内固定,次,2120,1910,1700
331505014,股骨颈骨折切开复位内固定术,股骨骨折切开复位内固定术,次,2240,2020,1790
331505015,股骨颈骨折切开复位内固定+带血管蒂或肌蒂骨移植术,股骨骨折切开复位内固定术,次,3840,3460,3070
331505016,股骨转子间骨折内固定术,股骨颈/股骨转子间骨折手法整复术,次,2240,2020,1790
331505017,股骨干骨折切开复位内固定术,股骨骨折切开复位内固定术,次,2240,2020,1790
331505018,股骨髁间骨折切开复位内固定术,股骨骨折切开复位内固定术,次,2240,2020,1790
331505019,髌骨骨折切开复位内固定术,髌骨骨折切开复位内固定术,次,1580,1420,1260
331505020,胫骨髁间骨折切开复位内固定术,胫骨骨折切开复位内固定术,次,2380,2140,1900
331505021,胫骨干骨折切开复位内固定术,胫骨骨折切开复位内固定术,次,1450,1310,1160
331505026,股骨干骨折不愈合切开植骨内固定术,股骨骨折切开复位内固定术,次,2550,2300,2040
331505035,跟骨骨折切开复位撬拨术,跟骨骨折切开复位术,次,1840,1660,1470
331505039,腓骨骨折切开复位内固定术,腓骨骨折切开复位内固定术,次,1700,1530,1360
331506001,肩锁关节脱位切开复位内固定术,肩锁关节脱位切开复位内固定术,次,2840,2560,2270
331506002,肩关节脱位切开复位术,肩关节脱位切开复位内固定术,次,1980,1780,1580
331506003,陈旧性肘关节前脱位切开复位术,肘关节脱位切开复位内固定术,次,2100,1890,1680
331506004,髋关节脱位切开复位术,髋关节脱位切开复位内固定术,次,2100,1890,1680
331506005,先天性髋关节脱位手法复位石膏固定术,髋关节脱位切开复位内固定术,次,1420,1280,1140
331506006,先天性髋关节脱位切开复位石膏固定术,髋关节脱位切开复位内固定术,次,2380,2140,1900
331506007,先天性髋关节脱位切开复位骨盆截骨内固定术,髋关节脱位切开复位内固定术,次,2380,2140,1900
331506008,先天性髋关节脱位切开复位骨盆截骨股骨上端截骨内固定术,髋关节脱位切开复位内固定术,次,2550,2300,2040
331506009,髌骨半脱位外侧切开松解术,髌骨支持带外侧松解，内侧紧缩术,次,2840,2560,2270
331506010,髌骨脱位成形术,髌骨脱位手法整复术,次,2100,1890,1680
331506011,急性膝关节前后十字韧带破裂修补术,膝关节前交叉韧带重建术,次,1980,1780,1580
331506012,膝关节陈旧性前十字韧带重建术,膝关节前交叉韧带重建术,次,2960,2660,2370
331506013,膝关节陈旧性后十字韧带重建术,膝关节后交叉韧带重建术,次,2960,2660,2370
331506015,膝关节单纯游离体摘除术,膝关节游离体取出术,次,1840,1660,1470
331506016,关节滑膜切除术(大),关节滑膜切除术,次,2380,2140,1900
331506017,关节滑膜切除术(中),关节滑膜切除术,次,1820,1640,1460
331506018,关节滑膜切除术(小),关节滑膜切除术,次,1420,1280,1140
331506019,半月板切除术,膝半月板切除术,次,1820,1640,1460
331506022,腘窝囊肿切除术,腘窝囊肿切除术,次,1060,950,850
331506025,胸锁关节脱位切开复位内固定术,胸锁关节脱位切开复位内固定术,单侧,新增项目,,
331507002,人工肱骨头置换术,人工肱骨头置换术,单侧,4020,3620,3220
331507004,人工腕关节置换术,人工腕关节置换术,单侧,4020,3620,3220
331507006,人工股骨头置换术,人工股骨头置换术,单侧,4020,3620,3220
331507007,人工膝关节表面置换术,铰链式人工膝关节置换术,单侧,4590,4130,3670
331507008,人工膝关节绞链式置换术,铰链式人工膝关节置换术,单侧,4770,4290,3820
331507012,髋关节表面置换术,全髋关节表面置换术,单侧,4850,4370,3880
331508003,骨骺固定术,骨骺固定术,次,1420,1280,1140
331509001,尺骨头桡骨茎突切除术,桡骨茎突切除术,次,1700,1530,1360
331509007,先天性锁骨假关节切除植骨内固定术,假关节切除术,次,2100,1890,1680
331509009,距骨切除术,距骨切除术,次,1560,1400,1250
331510003,掌骨截骨矫形术,掌骨截骨术,次,1390,1250,1110
331510005,股骨颈楔形截骨术,股骨截骨术,次,2440,2200,1950
331510006,股骨头钻孔及植骨术,股骨截骨术,次,2120,1910,1700
331510007,股骨下端截骨术,股骨下端截骨术,次,2240,2020,1790
331510008,胫骨高位截骨术,胫骨截骨术,次,2240,2020,1790
331510009,跟骨截骨术,跟骨截骨术,次,2100,1890,1680
331511001,肘关节融合术,肘关节融合术,次,2100,1890,1680
331511002,先天性胫骨缺如胫骨上端膝关节融合术,膝关节融合术,次,2240,2020,1790
331511003,踝关节融合手术,踝关节镜下踝关节融合术,次,2100,1890,1680
331511004,跟骰关节融合术,跟骰关节融合术,次,1700,1530,1360
331511005,近侧趾间关节融合术,趾关节融合术,次,1580,1420,1260
331512001,肘关节叉状成形术,肘关节成形术,次,1840,1660,1470
331512003,尺骨延长术,尺骨延长术,次,1740,1570,1390
331512004,尺骨短缩术,尺骨缩短术,次,1950,1760,1560
331512005,桡骨延长术,桡骨延长术,次,1980,1780,1580
331512006,桡骨短缩术,桡骨缩短术,次,1950,1760,1560
331512007,股骨延长术,股骨延长术,次,2610,2350,2090
331512010,股四头肌成形术,股四头肌成形术,次,1740,1570,1390
331512012,髌韧带成形术,髌骨习惯性脱位韧带成形术,次,2670,2400,2140
331512016,第二跖骨头修整成形术,跖骨成形术,次,1560,1400,1250
331512018,胫骨延长术,胫骨延长术,次,3530,3180,2820
331512019,上肢关节松解术,肩关节松解术，肘关节松解术，腕关节松解术,次,2270,2040,1820
331512020,下肢关节松解术,髋关节松解术，膝关节松解术，踝关节松解术，跖关节松解术,次,2270,2040,1820
331512021,髋关节成形术,髋关节镜下髋关节成形术,次,新增项目,,
331512022,股骨头颈成形术,股骨成形术,次,新增项目,,
331513001,肩关节离断术,肩关节离断术,次,1950,1760,1560
331513002,肩胛胸部间离断术,肩胛带离断术,次,2380,2140,1900
331513004,上肢截肢术,上肢截断术,次,1430,1290,1140
331513005,髋关节离断术,髋关节离断术,次,2670,2400,2140
331513006,大腿截肢术,大腿截断术,次,2670,2400,2140
331513007,小腿截肢术,小腿截断术,次,1560,1400,1250
331513009,截指术,多指截指术,次,790,710,630
331514001,断肢再植术,断肢再植术,每肢,4200,3780,3360
331514002,断指再植术,拇指断指再植术，手指断指再植术,每指(趾),3320,2990,2660
331515001,手部掌指骨骨折切开复位内固定术,指骨骨折切开复位内固定术,次,1430,1290,1140
331515002,手部关节内骨折切开复位内固定术,指关节骨折切开复位内固定术(腕掌关节、掌指关节、指间关节),次,1670,1500,1340
331515004,腕骨骨折切开复位内固定术,腕骨骨折切开复位内固定术,次,1670,1500,1340
331515005,舟骨骨折切开复位内固定术,腕关节镜下舟骨骨折固定术,次,1670,1500,1340
331515010,人工桡骨头月骨置换术,人工桡骨头置换术,单侧,1980,1780,1580
331516001,手部关节脱位切开复位内固定术,指关节骨折切开复位内固定术(腕掌关节、掌指关节、指间关节),次,1450,1310,1160
331517002,腕关节融合术,全腕关节融合术,次,1030,925,820
331518003,近排腕骨切除术,腕骨切除术,次,1700,1530,1360
331518004,舟骨近端切除术,副舟骨切除术,次,1060,950,850
331518005,月骨摘除术,月骨切除术,次,1390,1250,1110
331519001,并指分离术,并指矫正术,每个指(趾)、蹼,1060,955,850
331519002,拇指再造术Ⅰ型,拇指整复术,次,2440,2200,1950
331519003,拇指再造术Ⅱ型,拇指整复术,次,4380,3940,3500
331519004,拇指再造术Ⅲ型,拇指整复术,次,4380,3940,3500
331519005,拇指再造术Ⅳ型,拇指整复术,次,2780,2500,2220
331519006,拇指再造术Ⅴ型,拇指整复术,次,2780,2500,2220
331519007,拇指再造术Ⅵ型,拇指整复术,次,2610,2350,2090
331519008,多指切除术,多指截指术,次,1060,955,850
331519009,其他指再造术,拇指整复术,次,2240,2020,1790
331519012,指关节成形术,掌指关节成形术,每指(趾),1420,1280,1140
331519016,手部关节松解术,指关节松解术,"每个
关节",1390,1250,1110
331519017,掌指关节成形术,掌指关节成形术,次,1700,1530,1360
331520001,腕关节韧带修补术,韧带修补术,次,1530,1380,1220
331520002,指间或掌指关节侧副韧带修补术,韧带修补术,次,1390,1250,1110
331521004,手外伤邻指皮瓣术,邻指皮瓣术,次,1130,1020,900
331521005,手外伤鱼际皮瓣术,鱼际皮瓣术,次,1130,1020,900
331521011,屈肘功能重建术,上肢肌屈肘功能重建伴肌移位术,次,2610,2350,2090
331521012,伸腕功能重建术,上肢肌伸腕功能重建伴肌移位术,次,2100,1890,1680
331521013,伸指功能重建术,上肢肌伸指功能重建伴肌移位术,次,2100,1890,1680
331521014,屈指功能重建术,上肢肌屈指功能重建伴肌移位术,次,1820,1640,1460
331521017,腱鞘囊肿切除术,腱鞘囊肿切除术,次,630,565,505
331521024,食指背侧岛状皮瓣术,岛状皮瓣移植术,次,1700,1530,1360
331521028,肌腱粘连松解术,肌腱粘连松解术,每个手指/每部位,1080,970,865
331521031,滑车重建术,手肌腱滑车重建术,次,1130,1020,905
331521032,锤状指修复术,槌状指修补术,次,1130,1020,905
331521040,指蹼成形术,指蹼成形术,每个指(趾)蹼,1100,990,880
331521041,甲床修补术,甲床清创术,个,380,340,305
331521042,腱鞘重建术,腱鞘缝合术,每腱鞘,新增项目,,
331522003,骨化性肌炎局部切除术,骨化性肌炎切除术,"每个
部位",1300,1170,1040
331522008,肩袖破裂修补术,肩袖修补术,次,2840,2560,2270
331522009,腕管综合症切开减压术,腕管松解术,次,1320,1190,1060
331522011,格林先天性高肩胛症手术,高肩胛症松解术,次,2550,2300,2040
331522012,臀大肌挛缩切除术,臀大肌切断术,次,1700,1530,1360
331522013,髂胫束松解术,髂胫束切断术,次,1560,1400,1250
331522016,跟腱断裂修补术,跟腱修补术,次,1580,1420,1260
331522017,胫后肌延长术,胫后肌腱延长术,次,新增项目,,
331523002,皮肤牵引术,肢体的其他皮肤牵引,次,125,115,100
331523003,骨骼牵引术,间歇性骨骼牵引,次,255,230,205
331523004,颅骨牵引术,颅骨牵引术,次,395,355,315
331523006,石膏固定术(特大),石膏托固定术,次,505,455,405
331523007,石膏固定术(大),石膏托固定术,次,380,340,305
331523008,石膏固定术(中),石膏托固定术,次,255,230,205
331523009,石膏固定术(小),石膏托固定术,次,125,115,100
331523010,石膏拆除术,石膏外固定去除,次,23,21,18
331601002,乳腺肿物切除术,乳房病损切除术,单侧,1170,1050,935
331601003,副乳切除术,副乳腺切除术,单侧,760,685,610
331601004,单纯乳房切除术,单侧单纯乳房切除术，双侧单纯乳房切除术,单侧,1300,1170,1040
331601007,乳房再造术,乳房重建术,单侧,2610,2350,2090
331601009,乳房再造术II期,乳房重建术,单侧,4730,4260,3780
331602008,脂肪抽吸术,脂肪抽吸术(用于脂肪移植),每毫升,价格放开,,
331603009,切痂术,皮肤焦痂切开术,1％体表面积,200,180,160
331603010,削痂术,焦痂切除术,1％体表面积,210,190,170
331603011,取皮术,皮片取皮术,1％体表面积,340,305,270
331603035,手部扩创延期植皮术,上肢植皮术,每侧,1060,955,850
331603036,全手切削痂植皮术,上肢植皮术,每侧,1980,1780,1580
331603037,手背切削痂植皮术,上肢植皮术,每侧,1760,1580,1410
331604006,唇外翻矫正术,唇外翻矫正术,每侧,1060,955,850
331604008,隆颏术,隆颏术,次,价格放开,,
331604011,酒窝再造术,“酒窝”成形术,每侧,价格放开,,
331604014,除皱术,面部的皱纹切除术,每个部位或面1/3,价格放开,,
331604015,面部瘢痕切除整形术,眉部瘢痕切除术，眉部瘢痕切除术,2cm2,760,685,610
